Id,NumberOfComments,DisplayName,Location,LastCommentDate,LastAccessDate
"1947205","1","Philip Allgaier","Germany","2015-02-02 17:54:46","2018-02-11 04:54:37"
"7467428","4","Syfer","Sydney, New South Wales, Australia","2018-02-04 21:38:33","2018-02-11 04:54:37"
"2513873","1","Arshid KV","Kera, India","2015-04-04 19:49:41","2018-02-11 04:54:37"
"1009507","5","sammyukavi","Nairobi, Nairobi County, Kenya","2015-09-17 13:35:33","2018-02-11 04:54:37"
"544198","111","PearsonArtPhoto","Ashburn, VA","2015-08-24 21:14:44","2018-02-11 04:54:35"
"2295034","1","Jonathan.Brink","Cary, NC, United States","2015-11-22 18:08:46","2018-02-11 04:54:35"
"4861812","3","Sunil Kumar Naik","Bengaluru, India","2016-11-29 11:46:35","2018-02-11 04:54:34"
"3498950","7","spencer.sm","Salt Lake City, UT, United States","2017-02-01 05:21:27","2018-02-11 04:54:34"
"751585","2","Huỳnh Ngọc Bang","Vietnam","2017-06-08 08:05:04","2018-02-11 04:54:33"
"5176003","3","Adam R. Turner","D.C., DC, United States","2018-02-03 06:22:04","2018-02-11 04:54:32"
"4167200","5","Thomas","Wellington, New Zealand","2016-10-05 07:58:15","2018-02-11 04:54:32"
"237129","7","jtzero","United States","2010-10-14 18:51:04","2018-02-11 04:54:31"
"3138436","2","AL-zami","Bangladesh","2017-10-22 17:41:31","2018-02-11 04:54:31"
"1735406","3060","Maroun","Tel Aviv-Yafo, Israel","2018-02-04 15:03:00","2018-02-11 04:54:31"
"1895925","1","MD. Mohiuddin Ahmed","Dhaka, Bangladesh","2014-03-20 10:46:10","2018-02-11 04:54:31"
"636836","1","Mark S.","Phoenix, AZ, United States","2014-03-09 15:55:22","2018-02-11 04:54:31"
"7811673","5","t.m.adam","Athens Greece","2017-12-24 07:42:50","2018-02-11 04:54:21"
"2066275","2","gene","New Jersey","2017-07-19 12:49:23","2018-02-11 04:54:20"
"4120181","16","AnirbanDebnath","Bengaluru, India","2016-07-20 16:05:39","2018-02-11 04:54:17"
"834261","83","hatchet","Idaho, USA","2017-10-04 18:16:04","2018-02-11 04:54:17"
"358435","48","karthick","San Francisco, CA, United States","2018-01-25 18:51:02","2018-02-11 04:54:16"
"5345150","2","Abhishek Gurjar","Indore, Madhya Pradesh, India","2016-10-03 05:34:06","2018-02-11 04:54:15"
"933969","2","William T. Mallard","Phoenix, AZ","2016-10-26 19:33:32","2018-02-11 04:54:15"
"1341062","2","noboundaries","India","2015-01-29 14:29:54","2018-02-11 04:54:15"
"3115980","1","NicoBerrogorry","Montevideo, Uruguay","2018-02-11 04:47:47","2018-02-11 04:54:14"
"4472048","2","borracciaBlu","Melbourne","2017-04-12 23:14:58","2018-02-11 04:54:14"
"3374242","1","Atul Chavan","Pune, Maharashtra, India","2016-04-20 18:26:38","2018-02-11 04:54:12"
"7838048","1","nuwanjaya","Moratuwa, Western Province, Sri Lanka","2017-08-23 04:26:01","2018-02-11 04:54:11"
"8134164","1","Indrajith Ekanayake","Sri Lanka","2018-02-09 11:27:05","2018-02-11 04:54:11"
"3226814","4","Spidi's Web","India","2016-12-27 08:22:28","2018-02-11 04:54:09"
"814803","3","OdatNurd","Canada","2018-01-26 19:32:39","2018-02-11 04:54:05"
"5769463","14","ead","Darmstadt, Germany","2016-08-08 14:50:33","2018-02-11 04:54:04"
"970843","1","marcbest","Portsmouth, United Kingdom","2013-11-14 00:39:20","2018-02-11 04:54:03"
"5591589","1","XChikuX","Raleigh, NC, United States","2017-03-16 09:13:24","2018-02-11 04:54:00"
"1925388","3","Anmol Singh Jaggi","New Delhi, India","2016-09-30 08:50:05","2018-02-11 04:54:00"
"373091","10","Carmageddon","Saskatoon, SK, Canada","2017-11-22 14:24:00","2018-02-11 04:53:56"
"4309985","2","Andrew Fan","Baltimore, Maryland","2015-11-02 04:58:13","2018-02-11 04:53:56"
"201986","38","Manjula Weerasinge","Singapore","2013-09-11 10:59:37","2018-02-11 04:53:53"
"2785891","3","Rainey","Indonesia","2016-03-15 03:41:42","2018-02-11 04:53:52"
"840055","5","goblinjuice","Calgary, Canada","2017-08-05 16:53:53","2018-02-11 04:53:51"
"8615703","1","sad_man","Bangladesh","2017-10-17 08:21:47","2018-02-11 04:53:51"
"809278","6","eliot","Ohio","2013-03-26 00:49:41","2018-02-11 04:53:51"
"177389","5","qodeninja","San Francisco, CA","2013-09-24 23:29:51","2018-02-11 04:53:49"
"925202","20","PC.","Bangalore, India","2017-10-24 19:23:19","2018-02-11 04:53:46"
"2285236","1","ayhan","Turkey","2017-07-13 08:42:25","2018-02-11 04:53:45"
"3358074","1","dmitryro","New York, NY, United States","2016-06-17 04:36:10","2018-02-11 04:53:44"
"272109","86","David Makogon","Maryland","2018-02-07 23:01:44","2018-02-11 04:53:43"
"1174942","15","Mohammad Dehghan","Tehran, Iran","2016-11-26 07:03:54","2018-02-11 04:53:42"
"953482","65","Kevin","New Jersey","2017-05-16 19:20:46","2018-02-11 04:53:40"
"2495355","2","Wes","San Francisco, CA","2013-09-21 02:06:26","2018-02-11 04:53:37"
"2368831","10","RamBen","India","2015-11-23 06:03:22","2018-02-11 04:53:37"
"7263373","2","Rohan Bhatia","Roorkee, Uttarakhand, India","2017-03-28 15:27:22","2018-02-11 04:53:37"
"4759361","77","Rishav","India","2017-04-05 20:18:17","2018-02-11 04:53:36"
"4307338","10","Hoque MD Zahidul","Dhaka, Bangladesh","2018-01-25 19:16:02","2018-02-11 04:53:36"
"2951329","1","TerrenceSun","Beijing, China","2013-11-11 11:40:06","2018-02-11 04:53:36"
"1694616","1","DanKodi","Melbourne","2014-08-02 13:26:48","2018-02-11 04:53:35"
"2559906","5","Eraph","Brisbane, Australia","2015-10-13 02:51:37","2018-02-11 04:53:35"
"2897130","3","plattnum","Eugene, OR","2014-01-14 21:05:22","2018-02-11 04:53:35"
"2778047","1","Mackenzie McClane","United States","2013-12-26 22:04:33","2018-02-11 04:53:35"
"33796","6","luqui","Boulder, CO","2017-05-30 09:35:59","2018-02-11 04:53:33"
"5000776","2","Benthon","Des Moines, Iowa","2015-08-20 19:05:44","2018-02-11 04:53:29"
"2036983","39","Jonathan Rosenne","Israel","2018-02-10 23:52:39","2018-02-11 04:53:28"
"1079354","3402","Makoto","Denver, CO, United States","2018-02-11 00:07:45","2018-02-11 04:53:27"
"1145976","7","shanwu","Beijing, China","2017-02-11 13:59:36","2018-02-11 04:53:27"
"332059","15","Dmitry Streblechenko","Arizona","2018-02-01 22:16:03","2018-02-11 04:53:25"
"32502","2","Ryan Conrad","Hickory Hills, IL","2010-07-03 13:25:08","2018-02-11 04:53:25"
"707111","175","Ryan","Canada","2018-02-09 08:04:12","2018-02-11 04:53:24"
"4599824","6","Fawzan","Sri Lanka","2016-11-25 12:10:41","2018-02-11 04:53:23"
"2341815","11","Ruwanka Madhushan","Colombo, Sri Lanka","2018-01-20 06:48:53","2018-02-11 04:53:23"
"7141018","1","abu","Chennai, Tamil Nadu, India","2017-10-31 04:59:42","2018-02-11 04:53:22"
"116","11","Mark Harrison","Piedmont, CA","2016-04-01 20:56:28","2018-02-11 04:53:21"
"2656275","4","Hussain Shabbir","Georgia, United States","2014-01-13 12:29:30","2018-02-11 04:53:20"
"126027","2","TheUndeadFish","United States","2017-02-20 16:02:47","2018-02-11 04:53:19"
"6733371","5","jcolemang","Terre Haute, IN, United States","2016-11-17 01:12:27","2018-02-11 04:53:17"
"3614835","295","Jeffrey Bosboom","Cambridge, MA","2017-07-19 23:48:09","2018-02-11 04:53:16"
"1634969","2","Uchia Itachi","Atlanta, GA, United States","2013-08-28 17:56:43","2018-02-11 04:53:15"
"2223111","29","Asura","San Francisco, CA, United States","2018-01-21 02:48:57","2018-02-11 04:53:14"
"1209690","6","black_belt","Dhaka, Dhaka Division, Bangladesh","2014-10-10 11:30:14","2018-02-11 04:53:11"
"3581340","1","Rival","Indonesia","2017-12-15 09:19:02","2018-02-11 04:53:09"
"17389","4","ysth","Seattle, WA","2017-11-27 18:28:07","2018-02-11 04:53:09"
"1041822","86","higuaro","Sydney City, Sydney, New South Wales, Australia","2016-02-05 07:31:38","2018-02-11 04:53:08"
"3902339","97","ArifMustafa","India","2018-02-06 09:57:03","2018-02-11 04:53:06"
"260516","30","Jesse Barnum","Atlanta, GA","2017-11-18 21:40:18","2018-02-11 04:53:01"
"652528","1","geckos","São Paulo - SP, Brasil","2017-08-25 10:22:35","2018-02-11 04:53:01"
"3908460","11","gab06","Ciudad de Panamá, Panamá","2015-10-29 17:28:27","2018-02-11 04:52:58"
"1484621","40","Yu Jiaao","Beijing, China","2018-02-06 12:03:52","2018-02-11 04:52:56"
"544584","1","Edu Garcia","Australia","2011-02-12 16:15:05","2018-02-11 04:52:54"
"2175572","5","t3dodson","Pacific Northwest","2015-07-06 06:46:43","2018-02-11 04:52:52"
"5966097","12","KOUSIK MANDAL","Kolkata, West Bengal, India","2018-02-05 08:36:39","2018-02-11 04:52:51"
"1441122","373","Stuart Marks","California","2018-01-26 01:45:38","2018-02-11 04:52:51"
"6318630","3","dsncode","Taipei City, Taiwan","2018-01-19 09:10:14","2018-02-11 04:52:51"
"2549581","1","vs_lala","India","2016-02-06 13:57:49","2018-02-11 04:52:50"
"3747942","5","quadrupleslap","Disneyland","2017-12-05 05:52:25","2018-02-11 04:52:50"
"3992569","1","Uttam Kumar Roy","Bangladesh","2016-04-20 06:14:18","2018-02-11 04:52:48"
"25868","1","Ashley Davis","Brisbane","2015-01-30 06:17:06","2018-02-11 04:52:45"
"205185","9","Duncan C","Washington DC metro area (US)","2017-10-23 00:26:27","2018-02-11 04:52:42"
"5865514","4","Yu Chen","Los Angeles, CA, United States","2017-07-31 04:31:36","2018-02-11 04:52:41"
"8292104","3","tavkomann","Germany","2017-09-06 11:26:44","2018-02-11 04:52:41"
"2535611","34","Rafael Cardoso","New York, NY, United States","2017-02-06 16:29:33","2018-02-11 04:52:40"
"6636967","2","Daniel Dobalian","Redmond, WA, United States","2017-08-08 23:57:11","2018-02-11 04:52:39"
"1239484","12","allejo","Los Angeles, CA","2013-10-27 05:57:11","2018-02-11 04:52:39"
"5262142","1","K.F","United States","2017-08-13 18:34:59","2018-02-11 04:52:38"
"10018","2","Rich Adams","San Francisco, CA","2011-07-12 04:24:51","2018-02-11 04:52:36"
"5091319","11","Zerthimon","Greece","2017-12-07 06:52:07","2018-02-11 04:52:36"
"2943808","3","Garret","Florida","2014-05-11 21:50:35","2018-02-11 04:52:35"
"3828838","1","Kevin Guerra","Santa Clara, CA, United States","2015-01-28 01:23:27","2018-02-11 04:52:34"
"3641067","99","buræquete","Tokyo, Japan","2018-01-02 04:57:00","2018-02-11 04:52:33"
"3992939","800","c0der","Milky Way Galaxy","2018-02-10 15:03:47","2018-02-11 04:52:31"
"4334585","1","soumya sambit Kunda","India","2015-10-23 07:13:48","2018-02-11 04:52:27"
"2048446","3","Amit Bhandari","Kathmandu, Central Development Region, Nepal","2017-06-24 12:41:20","2018-02-11 04:52:27"
"1506440","51","MattR","Sydney, Australia","2016-12-19 09:48:59","2018-02-11 04:52:26"
"526704","2","DLeh","Philadelphia, PA","2015-03-05 19:15:13","2018-02-11 04:52:25"
"3887516","85","Amit","Tel Aviv-Yafo, Israel","2018-01-19 13:58:10","2018-02-11 04:52:25"
"2341963","30","user2718281","Sydney, New South Wales, Australia","2018-01-24 05:19:05","2018-02-11 04:52:24"
"270037","5","Kumar V","Coimbatore, India","2010-07-06 06:35:40","2018-02-11 04:52:23"
"6776142","1","Top_Pug","DFW","2017-10-25 19:52:16","2018-02-11 04:52:22"
"495079","1","khendricks","Ann Arbor, MI","2013-12-21 21:42:59","2018-02-11 04:52:21"
"1179638","5","Atul Bhardwaj","Gurgaon, Haryana, India","2017-08-11 11:52:55","2018-02-11 04:52:18"
"1627055","25","Vesper","Moscow, Russia","2017-05-25 09:36:36","2018-02-11 04:52:18"
"25507","2","Josh Kelley","United States","2016-03-21 16:11:03","2018-02-11 04:52:17"
"3830876","4","WMios","Chicago, IL, United States","2015-07-08 13:14:40","2018-02-11 04:52:16"
"1492584","9","Chris Murphy","Adelaide/Sydney, Australia","2017-08-24 01:53:32","2018-02-11 04:52:14"
"4131237","7","Prashanth Chandra","Hong Kong","2017-05-05 05:02:36","2018-02-11 04:52:13"
"1409707","1","aimme","Maldives","2017-01-06 08:41:01","2018-02-11 04:52:13"
"113069","2","W.Prins","United Kingdom","2015-11-04 13:49:21","2018-02-11 04:52:09"
"455582","7","Twelfth","Vancouver, Canada","2014-08-09 00:17:46","2018-02-11 04:52:09"
"185171","4","David Brown","Vancouver, BC, Canada","2013-11-01 05:03:51","2018-02-11 04:52:08"
"122643","6","Rich Churcher","Auckland, New Zealand","2017-12-17 20:11:09","2018-02-11 04:52:06"
"608639","584","jww","Baltimore, MD and New York, NY","2018-02-10 19:05:09","2018-02-11 04:51:59"
"6272369","40","Marat","Astana, Kazakhstan","2017-03-13 05:50:28","2018-02-11 04:51:58"
"7250424","1","SYS_V","US","2017-06-14 22:22:50","2018-02-11 04:51:57"
"169813","1","Nicholas M T Elliott","Columbia, MD, United States","2012-04-27 20:59:01","2018-02-11 04:51:57"
"2085356","1","nazmul idris","Mountain View, CA, United States","2016-01-20 03:24:02","2018-02-11 04:51:55"
"2789764","102","Vivek Vermani","Kansas City, MO","2016-05-17 16:32:16","2018-02-11 04:51:54"
"1906493","3","ftp27","Russia","2014-03-27 07:55:46","2018-02-11 04:51:50"
"6507009","2","knightcube","Kolkata, West Bengal, India","2017-08-19 00:54:18","2018-02-11 04:51:49"
"5103802","7","Vinícius Aguiar","Rio de Janeiro - RJ, Brasil","2017-05-25 04:56:34","2018-02-11 04:51:49"
"1295162","1","Bishakh Ghosh","India","2017-05-24 09:27:21","2018-02-11 04:51:49"
"2041115","9","AlienOnEarth","CA, USA","2015-10-13 07:17:33","2018-02-11 04:51:48"
"316799","5","Felipe Oriani","Brazil","2017-11-16 10:44:48","2018-02-11 04:51:47"
"569302","17","Words Like Jared","United States","2017-10-15 20:19:53","2018-02-11 04:51:47"
"696836","5","djsumdog","Seattle, Washington","2017-07-13 13:43:06","2018-02-11 04:51:46"
"1699750","2","Marwan Alsabbagh","Bahrain","2012-12-06 16:45:56","2018-02-11 04:51:44"
"1292557","25","Abu Yousuf","Dhaka, Bangladesh","2018-02-10 11:12:09","2018-02-11 04:51:44"
"2577244","4","Alex Baban","Vancouver, BC, Canada","2016-08-02 21:50:49","2018-02-11 04:51:44"
"3896780","4","Mehmet Sunkur","İstanbul, Turkey","2018-01-23 22:21:30","2018-02-11 04:51:43"
"1971805","1","TerryA","Sydney, Australia","2017-03-22 13:07:18","2018-02-11 04:51:43"
"1175053","7","C S","New York, United States","2017-03-24 03:17:33","2018-02-11 04:51:43"
"498624","1","Chev","Lehi, UT","2017-06-07 14:57:55","2018-02-11 04:51:42"
"4310083","2","Nere","Malaysia","2018-02-09 02:05:50","2018-02-11 04:51:40"
"5576310","1","Rashwan L","Sweden","2015-12-26 00:03:51","2018-02-11 04:51:38"
"143305","8","Dirk Eddelbuettel","Chicago, IL, United States","2017-06-06 01:13:51","2018-02-11 04:51:38"
"48998","2","cemulate","United States","2012-04-28 02:20:16","2018-02-11 04:51:37"
"725306","86","Mohammad Faisal","Delhi","2018-01-17 12:11:13","2018-02-11 04:51:34"
"1176553","2","Zane","Singapore","2012-05-13 18:33:35","2018-02-11 04:51:33"
"6862601","8","codeforester","California, United States","2017-10-11 04:13:37","2018-02-11 04:51:32"
"1817288","1","SISYN","North Carolina","2018-01-04 22:24:24","2018-02-11 04:51:32"
"448408","6","Charanraj Golla","Mumbai, Maharashtra, India","2015-01-16 04:14:59","2018-02-11 04:51:31"
"1070511","3","Luqman","Malaysia","2016-04-03 03:52:08","2018-02-11 04:51:30"
"6042837","14","Aria Pahlavan","Austin, TX, United States","2017-11-28 17:39:51","2018-02-11 04:51:29"
"243373","345","TT.","Ghent City","2018-01-21 15:55:46","2018-02-11 04:51:29"
"653230","45","WhiteFang34","California","2011-05-27 22:50:38","2018-02-11 04:51:29"
"1533783","11","Khalid Habib","Karachi, Sindh, Pakistan","2016-09-09 09:28:22","2018-02-11 04:51:29"
"1602244","1","aconnelly","Melbourne, Victoria, Australia","2016-12-20 03:18:09","2018-02-11 04:51:28"
"1426542","4","smr5","Arizona","2015-08-21 22:05:22","2018-02-11 04:51:27"
"1318213","39","wayway","United States","2018-01-02 17:51:10","2018-02-11 04:51:26"
"3682067","10","Saeed Masoumi","Iran","2017-02-16 09:52:39","2018-02-11 04:51:25"
"1045902","84","DPM","London, United Kingdom","2018-02-11 02:09:44","2018-02-11 04:51:20"
"2698227","1","srph","PH","2014-09-17 08:43:44","2018-02-11 04:51:17"
"4039065","19","Jeeped","Whonnock, BC, Canada","2017-11-24 19:24:08","2018-02-11 04:51:16"
"4248342","30","Hardik Modha","Pune, Maharashtra, India","2018-01-01 13:35:18","2018-02-11 04:51:14"
"350491","162","Ankit","India","2015-02-24 10:52:31","2018-02-11 04:51:14"
"232671","74","Luanne","Mumbai, India","2016-12-03 10:06:22","2018-02-11 04:51:13"
"429846","2","Gavin Simpson","Regina, Canada","2011-04-26 21:08:21","2018-02-11 04:51:11"
"1722025","4","asimes","Chicago","2014-08-13 02:53:21","2018-02-11 04:51:11"
"7285837","3","Md. Didarul islam","Dhaka, Dhaka Division, Bangladesh","2017-11-13 12:05:54","2018-02-11 04:51:11"
"1480131","2","Pablo","Freiburg, Germany","2018-02-02 00:27:27","2018-02-11 04:51:08"
"1116098","1","Sean Francis N. Ballais","Tacloban City, Philippines","2018-01-16 16:58:55","2018-02-11 04:51:08"
"2541276","2","Rajkumar Natarajan","Westford, MA, United States","2018-01-24 04:08:11","2018-02-11 04:51:04"
"2868984","4","Wildan Maulana Syahidillah","Malang, Malang City, East Java, Indonesia","2016-10-14 01:36:12","2018-02-11 04:51:01"
"1271826","1","Rob","Pasadena, CA, United States","2012-08-13 02:13:51","2018-02-11 04:51:01"
"2880970","18","stiemannkj1","United States","2018-02-08 15:08:35","2018-02-11 04:51:01"
"3270800","1","Tanveer Alam","Pune, India","2014-12-06 21:19:32","2018-02-11 04:51:01"
"2535875","5","Md Imran Choudhury","Dhaka, Bangladesh","2017-04-17 14:41:29","2018-02-11 04:51:00"
"1474069","81","Carlitos Way","Panama City, Panama","2018-02-11 05:07:43","2018-02-11 04:50:59"
"3516034","28","Phil","East Coast","2017-07-13 14:23:02","2018-02-11 04:50:58"
"1908023","3","Jhonathan Ibanez","Colombia","2013-08-12 16:10:30","2018-02-11 04:50:57"
"35142","33","Bob Kaufman","Salt Lake City, UT","2016-01-23 02:12:23","2018-02-11 04:50:57"
"51061","3","Scott Willeke","United States","2015-05-13 18:28:29","2018-02-11 04:50:53"
"839689","189","Nayuki","Toronto, Ontario, Canada","2018-01-01 09:31:27","2018-02-11 04:50:52"
"4905918","2","Choxmi","Sri Lanka","2016-04-28 06:00:10","2018-02-11 04:50:51"
"317052","36","Daniel Haley","Colorado, United States","2017-04-19 14:51:13","2018-02-11 04:50:51"
"559745","22","Floern","Switzerland","2017-05-25 19:17:12","2018-02-11 04:50:48"
"1439733","107","Stefan Zobel","Europe","2018-02-08 00:11:36","2018-02-11 04:50:47"
"6335075","3","Tarang Bhalodia","Ahmedabad, Gujarat, India","2017-09-13 17:07:41","2018-02-11 04:50:47"
"67808","4","Dmitry Brant","Pittsburgh, PA, United States","2016-04-14 14:29:22","2018-02-11 04:50:45"
"236255","9","Stephen Swensen","Virginia, among the beautiful Blue Ridge Mountains","2010-11-04 13:51:30","2018-02-11 04:50:44"
"6210773","2","Alex Kudryashev","Gulfport, MS, United States","2017-11-21 04:10:18","2018-02-11 04:50:44"
"1203034","5","Tr1gZer0","California, United States","2017-07-31 09:19:49","2018-02-11 04:50:44"
"2986537","170","Razib","Dhaka, Bangladesh","2017-07-03 11:15:58","2018-02-11 04:50:43"
"4175709","2","Aaronbob49","Mastic Beach, NY, United States","2017-10-10 21:05:51","2018-02-11 04:50:41"
"2299040","49","Sahil Manchanda","Ludhiana, Punjab, India","2018-01-29 18:45:24","2018-02-11 04:50:40"
"1041083","17","Selwyn","Austin,TX","2016-01-26 10:38:39","2018-02-11 04:50:40"
"2786238","4","Abhijeet Kharkar","Mumbai, India","2015-03-24 16:13:09","2018-02-11 04:50:40"
"704023","10","sharon182","Israel","2018-02-08 08:05:03","2018-02-11 04:50:35"
"1091308","7","Niyoko Yuliawan","Surabaya City, East Java, Indonesia","2016-12-11 06:59:20","2018-02-11 04:50:34"
"5880893","1","DHLopez","London, Ontario, Canada","2016-08-28 06:18:08","2018-02-11 04:50:34"
"783873","1","Codewarrior","France","2015-04-26 12:43:30","2018-02-11 04:50:32"
"1480391","1","Yves M.","Strasbourg, France","2016-02-22 00:19:33","2018-02-11 04:50:32"
"3181933","3","john","Japan","2017-12-15 08:13:50","2018-02-11 04:50:32"
"5155835","6","user5155835","Pune, Maharashtra, India","2015-09-28 12:46:11","2018-02-11 04:50:28"
"2591108","1","Patel Dixit","Ahmedabad India","2013-11-13 12:16:53","2018-02-11 04:50:28"
"4130867","14","Yilong Wang","Washington, DC, United States","2017-12-22 21:37:49","2018-02-11 04:50:28"
"4524661","21","masoud vali","Iran","2017-01-22 08:57:43","2018-02-11 04:50:28"
"563532","31","Rob","Melbourne, Australia","2018-01-25 04:55:23","2018-02-11 04:50:27"
"2405040","6","Shashank Agrawal","Bilaspur, Chhattisgarh, India","2017-03-30 17:55:29","2018-02-11 04:50:27"
"7853605","9","csell","Seattle, WA, United States","2018-02-07 16:03:38","2018-02-11 04:50:27"
"1196076","6","Rick Burns","Holmen, WI","2016-05-20 16:14:42","2018-02-11 04:50:25"
"3579289","1","Adrien","San Diego County, CA, United States","2015-02-19 14:27:47","2018-02-11 04:50:25"
"6577847","1","PSing","New Delhi, Delhi, India","2018-01-05 04:40:49","2018-02-11 04:50:21"
"1799189","3","xxfelixxx","New York, United States","2016-06-12 02:56:07","2018-02-11 04:50:21"
"1829647","3","sjrd","Lausanne, Switzerland","2016-01-11 10:36:16","2018-02-11 04:50:18"
"2657607","1","grim","New York, United States","2015-02-03 15:23:19","2018-02-11 04:50:18"
"4067954","6","Elham Kohestani","Kabul,Afghanistan","2016-06-24 17:47:28","2018-02-11 04:50:16"
"241631","11","Praetorian","Erie, CO","2014-05-15 17:10:01","2018-02-11 04:50:15"
"2077479","15","Jongz Puangput","Bangkok","2017-03-21 14:21:28","2018-02-11 04:50:15"
"509344","28","shaunhusain","Oak Park, IL, United States","2017-11-29 09:06:36","2018-02-11 04:50:15"
"7518561","11","CodeHunter","Dallas, TX, United States","2018-01-29 15:48:27","2018-02-11 04:50:11"
"4665624","10","Darien Springer","Washington","2017-03-20 09:11:40","2018-02-11 04:50:09"
"9041167","1","zeroskilz","Americas","2018-01-23 03:35:44","2018-02-11 04:50:08"
"1684944","9","Abhishek Yadav","Noida, India","2017-07-17 11:15:11","2018-02-11 04:50:07"
"7725107","8","Blair Chao","Los Angeles, CA, United States","2018-01-25 04:53:26","2018-02-11 04:50:07"
"5906464","1","SKSV","Sunnyvale, CA, United States","2017-07-07 16:29:35","2018-02-11 04:50:07"
"2078177","2","Sakkeer Hussain","Kozhikode, India","2016-03-28 17:02:20","2018-02-11 04:50:05"
"3796113","10","coderredoc","somewhere in this world","2017-10-27 17:51:09","2018-02-11 04:50:03"
"1672461","1","Vetal","Montreal, Canada","2013-03-18 18:01:23","2018-02-11 04:50:03"
"4285873","5","Mohamed Salad","Charlotte, NC, United States","2016-01-10 07:59:19","2018-02-11 04:50:03"
"899937","12","sap1ens","Vancouver","2017-12-01 00:44:07","2018-02-11 04:50:01"
"234633","3","Jf Beaulac","Montreal, Canada","2012-06-15 00:46:56","2018-02-11 04:50:01"
"121687","3","fabrizioM","Palo Alto, CA","2011-12-10 02:12:47","2018-02-11 04:50:00"
"2151050","2","Adam Azad","Sulaimani, Kurdistan, Iraq","2016-10-14 05:21:07","2018-02-11 04:49:57"
"11702","1","Josh","United States","2009-12-10 17:39:49","2018-02-11 04:49:55"
"7718924","8","York Shen - MSFT","Wuxi, Jiangsu, China","2017-12-04 09:11:04","2018-02-11 04:49:55"
"1394436","5","mridul_verma","Noida, Uttar Pradesh, India","2017-06-21 15:03:45","2018-02-11 04:49:55"
"1828610","3","Andrew NZ","Wellington, New Zealand","2017-08-24 02:43:29","2018-02-11 04:49:55"
"1031311","4","solti","milkyway","2014-03-05 18:27:09","2018-02-11 04:49:54"
"7355741","8","fmw42","Sunnyvale, CA","2018-02-02 02:31:08","2018-02-11 04:49:54"
"3069555","2","RoboBear","OR","2017-07-05 16:38:07","2018-02-11 04:49:51"
"3621464","8","MERose","Cape Town, South Africa","2017-06-06 09:22:00","2018-02-11 04:49:49"
"2715393","9","Vaviloff","Krasnoyarsk, Russia","2017-09-20 04:50:12","2018-02-11 04:49:49"
"2605920","1","Sharath M","Bangalore","2015-04-22 06:39:50","2018-02-11 04:49:48"
"461813","2","Treffynnon","Brisbane, Australia","2012-03-01 21:44:07","2018-02-11 04:49:48"
"900078","1","pynexj","Orvwvat, Puvan","2017-10-11 03:44:06","2018-02-11 04:49:48"
"186334","4","CallMeLaNN","Malaysia","2017-10-26 09:28:40","2018-02-11 04:49:46"
"1460514","15","SUDARSHAN","Bangalore, Karnataka, India","2017-11-24 10:24:49","2018-02-11 04:49:46"
"125507","2","endolith","New York, United States","2011-09-20 03:26:58","2018-02-11 04:49:46"
"16287","10","Drew Dormann","Chicago, IL","2015-05-21 05:08:11","2018-02-11 04:49:44"
"7512794","2","Silas Almgren","Colorado","2017-11-26 20:02:50","2018-02-11 04:49:42"
"2630936","1","Pocketninja","La Quinta, CA, United States","2017-06-15 05:03:44","2018-02-11 04:49:41"
"987519","29","Waqas Ilyas","Lahore, Pakistan","2014-08-14 03:28:22","2018-02-11 04:49:38"
"11182","47","Lex Li","Montreal, QC, Canada","2018-01-04 02:55:19","2018-02-11 04:49:38"
"402884","320","Chris Martin","Atlanta, GA","2017-11-30 08:04:46","2018-02-11 04:49:37"
"542442","1","danielpops","San Francisco, CA","2012-03-20 23:44:44","2018-02-11 04:49:34"
"4137194","4","Jahongir Rahmonov","Tashkent, Uzbekistan","2016-03-23 19:17:04","2018-02-11 04:49:33"
"16417","1","Paolo Bergantino","Kennewick, WA","2009-06-01 17:42:35","2018-02-11 04:49:32"
"779341","11","caiocpricci2","United Kingdom","2017-09-19 22:37:12","2018-02-11 04:49:31"
"5167682","42","roottraveller","India","2018-02-01 14:33:43","2018-02-11 04:49:31"
"1077309","1","Sampath","Colombo, Sri Lanka","2017-03-24 07:35:05","2018-02-11 04:49:31"
"1375753","14","Ofir Winegarten","Israel","2017-03-31 07:48:20","2018-02-11 04:49:27"
"3426853","31","Minjun Yu","California, United States","2018-01-31 22:02:13","2018-02-11 04:49:26"
"5201008","12","Nirav Patel","Ahmedabad, India","2015-11-17 09:28:11","2018-02-11 04:49:23"
"1446814","3","lopsided98","Dartmouth College, Hanover, NH, United States","2012-07-01 12:22:06","2018-02-11 04:49:22"
"805792","1","Joseph Szymborski","Montreal, Canada","2013-05-31 23:26:25","2018-02-11 04:49:21"
"4927387","22","Bhavya Arora","Columbus, OH, United States","2018-02-07 19:06:19","2018-02-11 04:49:21"
"639464","8","ThN","Pittsburgh, PA","2013-11-26 16:23:46","2018-02-11 04:49:19"
"4234711","2","hahaha","San Francisco Bay Area","2015-05-27 19:42:05","2018-02-11 04:49:18"
"224370","1","Ian Mercer","Seattle, WA","2010-08-25 04:26:11","2018-02-11 04:49:18"
"2466859","11","Dhruvam Gupta","India","2017-02-24 18:45:30","2018-02-11 04:49:18"
"3995603","9","codingbash","Illinois, US","2017-03-31 18:47:57","2018-02-11 04:49:16"
"2020886","9","nicoschl","Centurion, South Africa","2018-01-17 07:54:13","2018-02-11 04:49:15"
"329289","5","Owen S.","Redwood City, CA","2013-04-28 23:12:59","2018-02-11 04:49:14"
"243516","2","Ipsquiggle","Canada","2010-04-26 19:21:25","2018-02-11 04:49:13"
"1815797","6","gniourf_gniourf","Rainbow, CA, United States","2017-02-05 12:49:15","2018-02-11 04:49:11"
"1133742","2","bcfurtado","São Paulo, State of São Paulo, Brazil","2015-04-24 16:52:29","2018-02-11 04:49:10"
"265026","1","cjimti","Los Angeles, CA","2011-01-11 23:19:11","2018-02-11 04:49:09"
"850347","4","Stanley Kou","Seoul, South Korea","2017-03-14 02:22:21","2018-02-11 04:49:07"
"8041231","3","Victoria","Spain","2017-12-06 17:13:22","2018-02-11 04:49:05"
"2359793","5","rodamn","Los Angeles, CA","2015-09-22 22:16:38","2018-02-11 04:49:04"
"756809","140","Shai Almog","Tel Aviv, Israel","2018-02-06 05:01:34","2018-02-11 04:49:01"
"2214674","38","kinkajou","Kathmandu, Central Development Region, Nepal","2017-07-17 00:24:46","2018-02-11 04:49:01"
"445315","2","MSwezey","Austin, TX, United States","2014-05-12 17:19:40","2018-02-11 04:49:00"
"3050636","1","Andy","Indonesia","2014-02-10 12:25:23","2018-02-11 04:48:58"
"758373","4","Noman","Alexandria, VA, United States","2018-02-01 19:26:03","2018-02-11 04:48:57"
"1067326","3","mostafiz rahman","Dhaka, Bangladesh","2017-11-19 08:46:15","2018-02-11 04:48:55"
"155423","15","Shepmaster","Pittsburgh, PA","2017-07-11 18:37:02","2018-02-11 04:48:54"
"467366","1","Paul","New York, United States","2012-03-24 03:16:17","2018-02-11 04:48:52"
"3961420","1","redbeam_","Slovakia","2017-07-04 23:51:22","2018-02-11 04:48:51"
"1352919","2","Faakhir","Dubai, United Arab Emirates","2017-06-05 06:52:49","2018-02-11 04:48:49"
"4335977","4","sometimes24","Toronto, ON, Canada","2015-03-10 00:23:26","2018-02-11 04:48:47"
"6336216","2","Vipin","Delhi, India","2017-11-24 05:22:47","2018-02-11 04:48:45"
"248567","1","Kirk Beard","Australia","2016-04-30 14:51:58","2018-02-11 04:48:45"
"2741586","14","Bipin Bhandari","Kathmandu, Nepal","2016-04-22 15:13:46","2018-02-11 04:48:45"
"7676003","8","leyreyyan","Hulu Langat Selangor Malaysia","2018-01-16 14:34:29","2018-02-11 04:48:45"
"7279980","1","Sania Rahman","Dhaka, Dhaka Division, Bangladesh","2016-12-11 11:17:19","2018-02-11 04:48:44"
"429091","2","binki","Grand Rapids, MI","2015-02-06 05:55:35","2018-02-11 04:48:43"
"1076173","4","Shawn Northrop","Oregon, United States","2017-09-21 17:46:55","2018-02-11 04:48:40"
"644027","2","SkyOasis","Mountain View","2017-12-17 06:53:24","2018-02-11 04:48:40"
"3454144","12","BrassApparatus","Oregon","2014-04-30 09:35:44","2018-02-11 04:48:38"
"4178767","1","Mani","Coimbatore, Tamil Nadu, India","2016-06-02 10:33:29","2018-02-11 04:48:37"
"1364726","10","echristopherson","Wisconsin","2014-10-11 15:45:07","2018-02-11 04:48:36"
"1060765","1","Dan1701","Henderson, NV","2015-12-29 22:27:25","2018-02-11 04:48:36"
"2121965","6","sSaroj","Bangalore, Karnataka, India","2017-11-22 05:51:52","2018-02-11 04:48:32"
"2930661","3","Eddie","Singapore","2018-01-13 18:01:48","2018-02-11 04:48:32"
"1193587","5","sameetandpotatoes","Champaign, IL, United States","2014-08-08 14:09:57","2018-02-11 04:48:32"
"637669","1","arrowd","Russia","2017-08-23 05:43:29","2018-02-11 04:48:32"
"1426227","398","Cassio Mazzochi Molin","Dublin, Ireland","2018-02-09 14:40:05","2018-02-11 04:48:31"
"451941","127","Jeen Broekstra","New Zealand","2018-01-21 22:47:11","2018-02-11 04:48:28"
"821679","1","Jeffrey Scofield","Seattle, WA","2016-03-16 21:48:35","2018-02-11 04:48:27"
"211592","4","Dustin Gamester","Canada","2012-08-01 03:08:34","2018-02-11 04:48:26"
"152948","25","hobbs","New Jersey, United States","2015-01-21 22:09:07","2018-02-11 04:48:25"
"1348522","6","Zumry Mohamed","Sri Lanka","2016-11-08 10:19:41","2018-02-11 04:48:25"
"3827850","39","Ezio","Pune, Maharashtra, India","2018-02-03 09:20:32","2018-02-11 04:48:22"
"768963","1","TrophyGeek","San Francisco, CA","2015-10-09 23:00:46","2018-02-11 04:48:20"
"823328","2","arubin","Provo, UT","2018-01-24 18:06:56","2018-02-11 04:48:18"
"1537365","1","Maduranga Siriwardena","Galle, Sri Lanka","2016-03-31 16:44:51","2018-02-11 04:48:16"
"7432026","1","Anthony Krivonos","87-20 63 Avenue, Flushing, NY, United States","2017-02-05 20:10:41","2018-02-11 04:48:16"
"3480246","593","Jan","Cologne, Germany","2018-02-09 06:17:38","2018-02-11 04:48:16"
"1180289","22","hemu","Vadodara, India","2017-05-05 09:34:39","2018-02-11 04:48:16"
"5936628","1","Anil_M","Austin, TX, United States","2016-04-12 14:44:49","2018-02-11 04:48:13"
"3294427","54","Amitesh Rai","Bangalore, India","2016-09-10 17:28:34","2018-02-11 04:48:10"
"359660","2","LanceH","Dallas, TX","2010-06-17 18:20:49","2018-02-11 04:48:10"
"1641941","6","HMR","Siem Reap, Siem Reap Province, Cambodia","2014-02-28 16:04:36","2018-02-11 04:48:10"
"537647","9","Aniruddha Das","Rockville, MD, United States","2017-10-02 15:36:00","2018-02-11 04:48:06"
"1694368","2","Koby Douek","Tel Aviv, Israel","2017-03-06 09:41:45","2018-02-11 04:48:04"
"2200571","1","Prashanth","Chennai, India","2015-04-16 21:36:24","2018-02-11 04:48:03"
"275097","22","Vijay Shanker Dubey","Delhi, India","2018-01-11 17:47:44","2018-02-11 04:47:59"
"244184","3","Sapph","United States","2011-04-02 20:20:38","2018-02-11 04:47:58"
"512524","1","Steven Kampen","The Netherlands","2013-10-23 16:59:01","2018-02-11 04:47:58"
"922168","1","nickaknudson","San Francisco, CA, United States","2013-07-18 05:53:18","2018-02-11 04:47:55"
"1166266","3","Sirens","x","2017-11-05 03:11:59","2018-02-11 04:47:53"
"1802221","20","RishikeshDhokare","Pune, India","2018-01-31 16:22:07","2018-02-11 04:47:51"
"8712097","4","Tom Aranda","Shreveport, LA, United States","2017-12-14 02:56:10","2018-02-11 04:47:48"
"2601962","2","Prateek Yadav","Indore","2017-09-20 10:19:41","2018-02-11 04:47:48"
"1400204","8","Anuruddha","Singapore","2018-02-09 06:10:52","2018-02-11 04:47:47"
"1685051","66","Mudassar","Pune, Maharashtra, India","2017-11-12 12:30:25","2018-02-11 04:47:45"
"1032167","122","varren","Saint Petersburg, Russia","2017-12-09 05:24:30","2018-02-11 04:47:44"
"1863229","3904","Tim Biegeleisen","Singapore","2018-02-10 13:54:43","2018-02-11 04:47:44"
"1566221","107","rici","Peru","2018-01-15 17:37:39","2018-02-11 04:47:42"
"6064770","2","smshahiran","Malaysia","2016-09-19 02:02:59","2018-02-11 04:47:41"
"581442","2","Benjamin Tan Wei Hao","Singapore, Singapore","2012-11-11 02:58:11","2018-02-11 04:47:41"
"1749403","17","Sajeetharan","Colombo, Sri Lanka","2017-10-14 06:31:06","2018-02-11 04:47:38"
"6758826","1","rajanya dhar","Princeton, NJ, United States","2017-06-04 19:59:00","2018-02-11 04:47:35"
"3831557","94","Rajen Raiyarela","Rajkot","2017-09-01 10:35:24","2018-02-11 04:47:34"
"6241697","2","Smankusors","Surabaya, Kota Surabaya, Jawa Timur, Indonesia","2016-04-22 17:14:54","2018-02-11 04:47:32"
"6069829","1","Singh","New Delhi, Delhi, India","2017-11-30 16:18:00","2018-02-11 04:47:31"
"14122","58","Charles Duffy","Chicago, IL","2015-05-07 22:45:28","2018-02-11 04:47:29"
"3643303","50","Amber Beriwal","Noida, India","2018-02-11 04:48:26","2018-02-11 04:47:28"
"2949496","6","KS6","Bengaluru, Karnataka, India","2016-08-19 06:25:59","2018-02-11 04:47:21"
"4350854","3","cweitat","Singapore","2016-12-18 05:37:55","2018-02-11 04:47:20"
"238704","1208","James K Polk","United States","2018-02-11 04:12:54","2018-02-11 04:47:17"
"1825578","5","Nitishkumar Singh","Mumbai, Maharashtra, India","2018-01-11 14:50:02","2018-02-11 04:47:17"
"2159730","1","Randy Howard","Austin, TX","2013-03-29 21:19:43","2018-02-11 04:47:14"
"1012277","1","Zulqarnain","Faisalabad, Pakistan","2016-12-27 07:03:10","2018-02-11 04:47:14"
"10098","59","wds","Belgium","2017-10-10 06:45:20","2018-02-11 04:47:11"
"2411648","1","StevenTsooo","Boston, MA, United States","2013-08-06 16:53:39","2018-02-11 04:47:11"
"6174508","1","Vcasso","West Des Moines, IA, United States","2016-08-04 14:48:48","2018-02-11 04:47:11"
"3250829","108","rayryeng","Toronto, Canada","2017-10-20 07:27:47","2018-02-11 04:47:10"
"3203213","1","juvchan","Malaysia","2016-04-04 15:06:59","2018-02-11 04:47:09"
"3265288","3","SK - SANDIP KALOLA","Navsari, Gujarat, India","2017-09-11 04:29:51","2018-02-11 04:47:08"
"713874","2","Bing","United States","2016-11-12 13:31:03","2018-02-11 04:47:04"
"8103418","1","NeerajMalhotra","India","2017-11-04 03:08:43","2018-02-11 04:47:03"
"4957641","4","Anggit Prayogo","Indonesia","2017-07-31 04:44:48","2018-02-11 04:47:01"
"232593","81","Merlyn Morgan-Graham","San Mateo, CA, United States","2014-07-02 18:26:16","2018-02-11 04:47:01"
"1399567","3","Matthew Steven Monkan","United States","2014-02-12 23:03:00","2018-02-11 04:47:00"
"2694638","53","Mo H.","Atlanta, GA","2016-06-27 18:01:07","2018-02-11 04:47:00"
"6915572","4","Shubham soni","Sasaram, Bihar, India","2017-09-13 09:22:29","2018-02-11 04:47:00"
"323655","31","Mark Robinson","San Francisco, CA","2014-06-19 15:42:25","2018-02-11 04:46:57"
"616403","2","Dustin","Eugene, OR","2015-12-11 07:00:50","2018-02-11 04:46:56"
"2675355","44","Shantanu Nandan","Bangalore","2015-09-19 17:22:26","2018-02-11 04:46:56"
"992767","2","Nigel Sheridan-Smith","Melbourne, Australia","2012-11-01 00:07:56","2018-02-11 04:46:55"
"4573329","8","RTarson","New York, NY, United States","2015-12-08 17:08:44","2018-02-11 04:46:54"
"564979","15","anvd","Portugal","2011-10-14 14:23:15","2018-02-11 04:46:53"
"716216","1","Mick MacCallum","Fort Myers, FL, United States","2014-07-27 23:00:18","2018-02-11 04:46:53"
"48025","1","Hugo Zapata","Bogota, Colombia","2012-10-05 21:48:06","2018-02-11 04:46:52"
"1974671","49","d0nut","Ohio, United States","2016-04-25 15:00:18","2018-02-11 04:46:52"
"1254812","78","dcow","San Francisco, CA","2017-08-25 00:00:48","2018-02-11 04:46:46"
"1048138","9","Cripto","California","2016-03-05 23:36:36","2018-02-11 04:46:46"
"1113211","7","salman wahed","Bangladesh","2017-07-11 17:12:03","2018-02-11 04:46:45"
"5277225","8","Yogen Rai","USA","2018-02-10 20:09:57","2018-02-11 04:46:43"
"4539709","2","0m3r","Houston, TX","2017-04-08 07:55:32","2018-02-11 04:46:40"
"1559611","1","Mrinal Kamboj","Bangalore, India","2016-07-05 14:20:44","2018-02-11 04:46:40"
"757459","1","Subu Sankara Subramanian","Seattle, WA","2012-09-19 00:07:07","2018-02-11 04:46:38"
"6596010","3","Matt Groth","Waltham, MA, United States","2017-01-09 10:30:49","2018-02-11 04:46:38"
"1006226","3","Dmitry Konovalov","Townsville, Australia","2016-11-16 23:00:39","2018-02-11 04:46:37"
"1169705","2","digitalextremist","{ 9Hw9 } ^126, ( 1Cc9 ) ^222","2015-04-25 13:08:21","2018-02-11 04:46:35"
"3697839","7","HalesEnchanted","Canada","2015-06-07 01:02:44","2018-02-11 04:46:34"
"2815635","6","C2486","Nagpur, Maharashtra, India","2017-12-09 10:11:40","2018-02-11 04:46:33"
"1615594","2","tsuz","Tokyo, Japan","2016-01-24 20:01:36","2018-02-11 04:46:29"
"3495144","2","Anirudh Ramesh","Chennai,India","2015-05-01 16:01:46","2018-02-11 04:46:27"
"3398339","6","Ajay Gupta","India","2015-10-29 17:46:02","2018-02-11 04:46:27"
"2888753","1","miqid","Australia","2016-06-16 00:29:30","2018-02-11 04:46:26"
"109960","3","Eric Fortin","Montreal, Canada","2014-02-22 03:25:14","2018-02-11 04:46:24"
"54937","2","Sedat Kapanoglu","California","2017-11-25 21:54:55","2018-02-11 04:46:23"
"1200558","1","Greg Dean","United States","2008-12-18 11:48:12","2018-02-11 04:46:21"
"1262248","19","Aman Chhabra","London, United Kingdom","2017-10-30 08:08:14","2018-02-11 04:46:20"
"4241640","1","Isaac Wasserman","Bridgeton, NJ","2017-10-06 01:54:26","2018-02-11 04:46:20"
"4371758","345","Bubletan","Finland","2018-02-09 01:50:51","2018-02-11 04:46:17"
"2169951","7","M. Gopal","Coimbatore, India","2018-01-12 11:25:09","2018-02-11 04:46:16"
"3736395","1","MickG","Redmond, WA, United States","2017-10-12 02:33:03","2018-02-11 04:46:15"
"1553851","5263","shmosel","United States","2018-02-09 23:23:13","2018-02-11 04:46:15"
"5827197","21","Zaid Mirza","United Arab Emirates","2018-02-10 12:38:53","2018-02-11 04:46:14"
"4281711","10","Prateek Joshi","New Delhi, Delhi, India","2016-04-28 06:33:28","2018-02-11 04:46:14"
"843477","12","tacos_tacos_tacos","United States","2016-08-25 18:45:34","2018-02-11 04:46:14"
"8171929","10","Dheeraj Joshi","India","2018-01-19 06:39:16","2018-02-11 04:46:13"
"2110100","1","Four_lo","Nashua, NH","2013-03-13 06:06:55","2018-02-11 04:46:13"
"804575","29","Ralph Ritoch","Negros Occidental, Philippines","2017-09-18 19:20:29","2018-02-11 04:46:12"
"1267663","103","Whymarrh","St. John's, Canada","2017-03-05 19:11:10","2018-02-11 04:46:09"
"1506104","36","user1506104","Dubai - United Arab Emirates","2017-12-24 04:15:25","2018-02-11 04:46:09"
"1188513","40","Mat's Mug","Quebec","2017-06-05 04:57:32","2018-02-11 04:46:08"
"845092","73","Mooing Duck","Washington, United States","2017-11-08 01:13:37","2018-02-11 04:46:07"
"4786922","1","Aleksandr Sabri","Moscow, Russia","2017-06-16 14:47:11","2018-02-11 04:46:05"
"5014455","31","juanpa.arrivillaga","San Francisco, CA, United States","2018-02-07 22:43:55","2018-02-11 04:46:04"
"797152","1","aja","Sinny, Straya","2018-01-29 10:25:37","2018-02-11 04:46:04"
"1832058","9","furas","Torun, Poland","2017-01-26 22:11:45","2018-02-11 04:46:03"
"444252","4","HariKrishnan","Bangalore, India","2013-08-22 12:16:04","2018-02-11 04:46:03"
"6309","287","VonC","France","2018-02-01 05:23:13","2018-02-11 04:46:01"
"1726343","15","Asad Saeeduddin","Oakville, ON, Canada","2016-04-11 07:51:04","2018-02-11 04:46:00"
"884101","14","Chetan Ranpariya","Singapore","2018-01-05 00:39:45","2018-02-11 04:45:58"
"5217712","219","Enzokie","Philippines","2018-02-07 08:20:16","2018-02-11 04:45:58"
"91830","1","Philip Hallstrom","Olympia, WA","2013-06-19 04:29:20","2018-02-11 04:45:54"
"3831060","1","vanshg","San Francisco Bay Area","2017-10-27 19:10:39","2018-02-11 04:45:53"
"6215747","3","pike","Surat, Gujarat, India","2016-09-29 10:50:06","2018-02-11 04:45:50"
"1718907","1","Vincent James","Michigan","2013-10-31 13:35:09","2018-02-11 04:45:49"
"7146682","1","Anand Raina","Faridabad, Haryana, India","2017-08-24 04:21:19","2018-02-11 04:45:49"
"2826818","1","alexbhandari","Montreal, Canada","2014-07-28 00:42:40","2018-02-11 04:45:49"
"4549220","4","Tariqul","Dhaka, Dhaka Division, Bangladesh","2018-02-07 10:08:09","2018-02-11 04:45:48"
"1219543","6","Praveen Reddy","Seattle, WA","2017-07-07 17:06:22","2018-02-11 04:45:46"
"2648679","13","Abhinav Gauniyal","India","2016-09-01 17:40:37","2018-02-11 04:45:45"
"2517393","6","SEUH","Germany","2016-05-31 14:52:54","2018-02-11 04:45:43"
"931154","4","Gregory Nisbet","Menlo Park, CA, United States","2017-07-23 16:41:47","2018-02-11 04:45:42"
"1594823","30","lean_programmer","India","2017-10-25 11:24:17","2018-02-11 04:45:41"
"8492062","3","Heen Shaik","India","2017-08-22 07:29:33","2018-02-11 04:45:41"
"6892765","2","learner8269","Delhi Cantt, New Delhi, Delhi, India","2018-02-10 05:18:05","2018-02-11 04:45:41"
"149436","9","Evan Trimboli","Sydney, New South Wales, Australia","2016-12-06 00:28:37","2018-02-11 04:45:41"
"7311767","10","Stephen Rauch","Northern California, United States","2017-02-21 02:47:38","2018-02-11 04:45:37"
"1627086","4","tausun","Bangladesh","2017-02-26 06:53:10","2018-02-11 04:45:35"
"4672556","56","Delta Charlie","Maldives","2018-01-21 15:19:52","2018-02-11 04:45:31"
"44041","1","Filip Dupanović","Sarajevo, Bosnia and Herzegovina","2011-10-28 10:12:42","2018-02-11 04:45:28"
"8887481","1","Benjamin C","Tallahassee, FL, United States","2017-12-30 19:07:24","2018-02-11 04:45:28"
"1162409","10","San Jaisy","Sydney, New South Wales, Australia","2017-08-29 09:16:33","2018-02-11 04:45:28"
"2286153","3","Mikel","San Francisco","2016-11-25 01:18:53","2018-02-11 04:45:27"
"859640","6","John S","Minneapolis, MN","2016-06-24 22:23:32","2018-02-11 04:45:26"
"1811956","1","IsraGab","Israel","2016-04-14 20:09:55","2018-02-11 04:45:26"
"338249","89","rjdkolb","South Africa","2018-01-08 14:46:43","2018-02-11 04:45:25"
"3885347","1","Jose Magana","Austin, TX","2015-01-07 05:34:24","2018-02-11 04:45:24"
"1064374","12","Piyas De","Kolkata, India","2013-03-31 14:03:02","2018-02-11 04:45:24"
"3662111","1","Chris Anderson-MSFT","Redmond, WA","2015-06-01 21:16:17","2018-02-11 04:45:21"
"4158261","3","Narendra Sorathiya","Surat, Gujarat, India","2017-03-23 20:56:32","2018-02-11 04:45:19"
"1140456","4","Capn Sparrow","Sydney","2016-03-11 01:19:18","2018-02-11 04:45:18"
"1082440","7","praneetloke","Seattle, WA, United States","2013-10-08 02:47:02","2018-02-11 04:45:17"
"8290952","1","JosCarrillo","México","2017-07-26 21:32:54","2018-02-11 04:45:17"
"419705","375","Roddy of the Frozen Peas","Rocky Mountain Empire","2018-02-10 23:12:39","2018-02-11 04:45:12"
"2168230","21","Lavekush Agrawal","Gurgaon, India","2015-04-27 07:34:27","2018-02-11 04:45:12"
"128511","2","gman","Earth","2017-04-19 02:56:02","2018-02-11 04:45:11"
"1393766","7161","Pshemo","Poland","2018-02-10 23:04:52","2018-02-11 04:45:07"
"281848","8","Martin Atkins","San Francisco, CA","2014-07-27 03:57:17","2018-02-11 04:45:06"
"9246382","1","king amada","Vienna, VA, United States","2018-01-21 17:52:01","2018-02-11 04:45:06"
"1122270","6","cnst","San Jose, CA","2018-01-30 20:59:51","2018-02-11 04:45:06"
"1556343","13","Kevin Johnson","Boston, MA, United States","2015-08-07 02:13:58","2018-02-11 04:45:05"
"247597","1","Ali","Oman","2013-06-30 11:40:32","2018-02-11 04:45:04"
"1004274","3","oldergod","神戸","2016-11-28 06:52:17","2018-02-11 04:45:04"
"1501728","1","user vss","Chennai, India","2014-05-12 07:48:42","2018-02-11 04:45:03"
"8794054","2","Anton Gorbunov","Sankt-Peterburg, Санкт-Петербург, Россия","2017-11-24 12:19:51","2018-02-11 04:45:01"
"1476401","10","Pandacoder","Raleigh, NC","2015-07-11 16:23:37","2018-02-11 04:44:59"
"4112664","272","Gosu","Singapore, Singapore","2016-02-07 07:39:42","2018-02-11 04:44:59"
"4618639","1","Randy Song","Boston, MA","2017-03-05 06:05:07","2018-02-11 04:44:57"
"6560792","1","Na Ran","Nepal","2018-01-14 14:46:08","2018-02-11 04:44:55"
"8257042","1","Shekhar Chauhan","Agra, Uttar Pradesh, India","2017-07-17 08:44:22","2018-02-11 04:44:55"
"4370279","49","theapache64","679322, India","2017-10-24 14:29:48","2018-02-11 04:44:54"
"4879701","3","Be_Negative","Toronto, Canada","2017-08-27 01:41:34","2018-02-11 04:44:54"
"7653269","1","Thidasa Paranavitharana","Colombo, Western Province, Sri Lanka","2017-05-01 14:13:03","2018-02-11 04:44:52"
"847099","26","Julian Fondren","Houston, TX","2013-03-05 14:49:35","2018-02-11 04:44:50"
"3101777","15","Misha Akopov","Tbilisi, Georgia","2018-01-08 15:06:05","2018-02-11 04:44:50"
"89969","6","shrmn","Singapore","2017-11-15 07:34:10","2018-02-11 04:44:49"
"1061011","13","Chris","Seattle, WA, United States","2017-03-10 07:20:46","2018-02-11 04:44:49"
"569150","1","BenC","Vancouver, Canada","2015-12-21 03:05:37","2018-02-11 04:44:48"
"7361580","30","synchronizer","New York, NY, United States","2017-09-22 13:35:17","2018-02-11 04:44:47"
"6265883","2","J. Parashar","Bangalore, Karnataka, India","2017-09-19 12:03:41","2018-02-11 04:44:47"
"490018","106","Sergey Brunov","localhost","2018-01-28 23:44:34","2018-02-11 04:44:47"
"3836229","81","Timo","United States","2018-01-26 22:19:31","2018-02-11 04:44:42"
"525217","1","mfontanini","San Francisco, CA, United States","2012-06-22 15:26:58","2018-02-11 04:44:41"
"1650683","9","Wesley","Shanghai, China","2016-02-19 03:34:16","2018-02-11 04:44:40"
"6315101","2","Masum","Dhaka, Dhaka Division, Bangladesh","2017-02-01 05:04:13","2018-02-11 04:44:40"
"2134197","1","Keith Aylwin","West Lafayette","2015-01-04 23:37:12","2018-02-11 04:44:37"
"5115768","6","lenny","Germany","2017-03-01 10:52:37","2018-02-11 04:44:37"
"103959","17","Jean-Bernard Pellerin","Alberta, Canada","2014-07-15 23:02:27","2018-02-11 04:44:37"
"1367030","6","paul62285","San Diego, CA, United States","2012-05-01 14:56:23","2018-02-11 04:44:36"
"8586250","1","Ryan Russell","Seattle, WA, United States","2018-02-05 04:06:39","2018-02-11 04:44:35"
"2657830","3","akskap","Chandigarh, India","2016-04-16 16:50:22","2018-02-11 04:44:35"
"4780299","1","Amit Aggrawal","Faridabad, Haryana, India","2017-06-22 04:58:14","2018-02-11 04:44:35"
"3185502","2","Vasif","San Francisco, CA","2017-08-22 22:43:02","2018-02-11 04:44:33"
"122398","1","lb.","Melbourne, Australia","2009-08-12 12:12:14","2018-02-11 04:44:29"
"836713","2","NPSF3000","Dallas, TX, United States","2012-07-29 04:01:57","2018-02-11 04:44:28"
"6021597","42","Ayush Gupta","Delhi, India","2018-02-11 04:49:57","2018-02-11 04:44:27"
"2920626","2","Michael Sacks","Seattle, WA, United States","2014-10-02 21:10:33","2018-02-11 04:44:25"
"7215872","1","Lemuel Nabong","Philippines","2017-09-01 03:36:16","2018-02-11 04:44:25"
"3562486","1","skyline75489","Harbin, Heilongjiang, China","2015-05-04 11:28:54","2018-02-11 04:44:24"
"1181050","81","Dodd10x","Baltimore, MD, United States","2017-03-16 16:25:23","2018-02-11 04:44:23"
"1903988","1","mugzi","Colombo, Sri Lanka","2015-10-26 06:05:04","2018-02-11 04:44:23"
"3190347","144","Shubham Jain","Pune, Maharashtra, India","2017-11-10 05:57:29","2018-02-11 04:44:22"
"4632505","20","Lannister","United States","2017-06-03 03:28:54","2018-02-11 04:44:19"
"898274","17","Kalenda","Kansas City, MO, United States","2017-12-13 17:09:59","2018-02-11 04:44:19"
"1218613","1","ews2001","United States","2012-09-05 21:42:08","2018-02-11 04:44:17"
"5758441","26","Ashraff Ali Wahab","Jersey City, NJ","2016-04-04 15:21:03","2018-02-11 04:44:13"
"6099347","62","Aniket Sahrawat","India","2018-02-10 01:31:37","2018-02-11 04:44:10"
"900570","2","Avi Turner","Efrat, Israel","2014-04-20 07:54:13","2018-02-11 04:44:09"
"4365228","1","Ranjith Varadan","Coimbatore","2017-09-18 05:07:55","2018-02-11 04:44:09"
"2380768","1","ozzyzig","Dunedin, New Zealand","2014-03-14 20:37:41","2018-02-11 04:44:07"
"4033623","5","gStephin","Ernakulam, Kerala, India","2017-04-27 12:07:45","2018-02-11 04:44:04"
"4996248","43","John Coleman","Ohio","2017-12-23 15:58:37","2018-02-11 04:44:03"
"4229458","2","Dyan","Colombia","2015-02-13 22:03:39","2018-02-11 04:44:01"
"548225","689","anubhava","Bangalore, India","2018-02-09 19:29:25","2018-02-11 04:44:01"
"6535426","1","Hung Cao","Washington, United States","2017-03-16 19:00:09","2018-02-11 04:44:01"
"584670","81","Steve Taylor","Australia","2015-03-13 15:53:33","2018-02-11 04:44:00"
"5434860","7","retodaredevil","Missouri, United States","2017-10-17 23:43:38","2018-02-11 04:44:00"
"3677457","10","Brien","Tacoma, WA","2018-02-03 16:18:54","2018-02-11 04:43:59"
"2303865","11","Leo Dabus","Brazil","2017-04-16 02:17:40","2018-02-11 04:43:58"
"4474419","4","Davislor","Oregon, United States","2015-11-18 21:57:19","2018-02-11 04:43:58"
"2970947","7412","Elliott Frisch","Atlanta, GA","2018-02-11 02:46:48","2018-02-11 04:43:57"
"661414","2","Leukipp","Hamilton, New Zealand","2016-01-07 22:26:29","2018-02-11 04:43:55"
"1720452","1","Vishal","India","2013-04-12 07:09:33","2018-02-11 04:43:54"
"2958751","1","Dain Sundstrom","Palo Alto, CA","2015-01-09 17:16:00","2018-02-11 04:43:51"
"880642","4","Rondel","Marlborough, MA","2013-08-06 13:24:10","2018-02-11 04:43:50"
"2516916","2","RPGillespie","Maryland, United States","2015-01-16 18:31:43","2018-02-11 04:43:48"
"642626","6","Bryan Chen","Auckland, New Zealand","2015-08-26 22:18:25","2018-02-11 04:43:47"
"1612975","2","Michael Randall","Brisbane","2018-02-08 06:53:37","2018-02-11 04:43:47"
"6233748","5","Jahan","Dhaka, Bangladesh","2017-03-20 10:49:21","2018-02-11 04:43:47"
"2315473","54","sunkuet02","Bangladesh","2017-12-22 16:00:15","2018-02-11 04:43:46"
"2081719","2","Mi-Creativity","Iraq","2015-10-23 19:02:25","2018-02-11 04:43:45"
"3728901","148","Do Nhu Vy","Hanoi, Vietnam","2018-01-27 00:37:18","2018-02-11 04:43:45"
"4248499","2","Harindu Dilshan","Canada","2016-05-03 19:35:16","2018-02-11 04:43:45"
"15168","102","Jonathan Leffler","California, USA","2018-02-06 09:46:00","2018-02-11 04:43:44"
"401832","9","tkt986","Alexandria, VA","2013-07-25 13:48:33","2018-02-11 04:43:44"
"1134940","19","Abid Rahman K","India","2014-02-18 18:31:03","2018-02-11 04:43:44"
"4009801","3","R. Rojas","Mexico City","2015-10-21 23:05:58","2018-02-11 04:43:42"
"5210825","9","FadedCoder","Earth","2017-03-14 11:27:31","2018-02-11 04:43:40"
"7939273","15","Garrett McClure","Oxford, MS, United States","2017-10-23 18:02:35","2018-02-11 04:43:38"
"8621601","2","Karan Kotabagi","Bloomington, IN, United States","2017-12-25 05:27:43","2018-02-11 04:43:37"
"1147242","2","praneybehl","Melbourne, Victoria, Australia","2016-06-01 23:33:52","2018-02-11 04:43:36"
"3690024","361","AJNeufeld","Winnipeg, Canada","2018-02-10 06:10:41","2018-02-11 04:43:32"
"3448888","1","evenro","Columbus, OH","2016-04-18 20:00:02","2018-02-11 04:43:30"
"1779608","1","Pushker Yadav","Bangalore, Karnataka, India","2015-03-08 07:17:43","2018-02-11 04:43:27"
"2943403","4","mickmackusa","Brisbane, Australia","2018-02-02 06:13:13","2018-02-11 04:43:27"
"2346618","1","Gökçer Gökdal","Ankara, Turkey","2015-06-30 07:36:49","2018-02-11 04:43:24"
"661872","12","Lawrence Cherone","United Kingdom","2017-11-22 06:51:39","2018-02-11 04:43:23"
"548301","3","TechnoWings Inc- Rajesh","TechnoWings Inc Pune","2014-12-29 14:38:27","2018-02-11 04:43:21"
"1655199","6","CBeTJlu4ok","Tbilisi, Georgia","2017-10-24 16:56:43","2018-02-11 04:43:21"
"5818605","4","HondaGuy","Canada","2017-11-15 03:31:43","2018-02-11 04:43:21"
"814591","3","Stephen Kiningham","Charlottesville, VA","2011-07-28 19:28:23","2018-02-11 04:43:20"
"281887","1","Vladimir Berezkin","Moscow, Russia","2017-07-20 14:46:51","2018-02-11 04:43:18"
"352241","1","Adam Soffer","New Haven, CT","2011-12-04 07:44:20","2018-02-11 04:43:17"
"2687059","1","Srđan Ristic","Shreveport, LA, USA","2015-04-05 14:44:53","2018-02-11 04:43:16"
"7723441","3","Anthony Brooks","Canada","2017-03-16 19:56:19","2018-02-11 04:43:16"
"7387743","2","Rusiru Wijethilake","Sri Lanka","2017-03-18 12:01:56","2018-02-11 04:43:12"
"3280718","4","Jain","Jaipur, Rajasthan, India","2016-08-12 19:04:18","2018-02-11 04:43:12"
"3683571","1","mobility","New York, NY, United States","2016-07-05 18:32:10","2018-02-11 04:43:09"
"9232626","1","zeet","Indonesia","2018-02-04 03:12:35","2018-02-11 04:43:09"
"163809","4","Stedy","Seattle, WA","2015-03-24 16:14:10","2018-02-11 04:43:07"
"5510826","5","Shadow Suave","New Jersey","2017-12-12 18:10:21","2018-02-11 04:43:06"
"2096769","1","Chris Hayes","United States","2013-08-20 21:43:49","2018-02-11 04:43:05"
"1735653","1","Lee Brindley","Bruton, United Kingdom","2014-02-03 01:11:19","2018-02-11 04:43:04"
"1064310","28","Tristan Wiley","New York, USA","2016-03-09 19:06:22","2018-02-11 04:43:04"
"3319421","2","BarathVutukuri","Hyderabad, India","2017-04-21 14:27:01","2018-02-11 04:43:03"
"4948483","5","Manish","India","2016-11-27 15:02:30","2018-02-11 04:43:03"
"1033027","5","Jules","Canada","2014-05-23 13:07:32","2018-02-11 04:43:03"
"1164928","2","Ravikumar11","Hyderabad","2017-03-23 05:43:11","2018-02-11 04:43:02"
"3336062","1","Rahul","Ranchi, India","2016-07-18 11:02:22","2018-02-11 04:43:01"
"1468295","2","Hossein Narimani Rad","Tehran, Iran","2015-12-02 14:03:20","2018-02-11 04:42:57"
"1489823","2","Kevin Chen","SF and NYC","2015-03-30 05:50:47","2018-02-11 04:42:56"
"4333514","34","denis","San Francisco, CA, United States","2017-10-07 15:00:29","2018-02-11 04:42:54"
"785233","3","MoustafaAAtta","Cairo, Egypt","2014-11-18 15:59:33","2018-02-11 04:42:54"
"62576","390","Ken White","United States","2018-02-10 02:05:45","2018-02-11 04:42:53"
"992484","28901","MadProgrammer","Melbourne, Australia","2018-02-11 03:26:50","2018-02-11 04:42:53"
"4426099","12","Rimon Mostafiz","Bangladesh","2018-01-24 03:36:06","2018-02-11 04:42:52"
"4947453","6","Sampath M Jay","Sri Lanka","2017-04-03 00:27:59","2018-02-11 04:42:51"
"6489768","1","Seenivasan","Coimbatore, Tamil Nadu, India","2017-06-30 10:26:23","2018-02-11 04:42:50"
"7700076","5","Javadroid","Canada","2017-12-02 03:14:47","2018-02-11 04:42:50"
"3084511","5","MattDionis","Worcester, MA, United States","2016-09-15 02:02:01","2018-02-11 04:42:50"
"1485183","1","Amit Merchant","Surat, Gujarat, India","2018-02-09 08:07:54","2018-02-11 04:42:47"
"3991344","140","Pokechu22","United States","2017-05-10 04:56:54","2018-02-11 04:42:44"
"2388218","11","Matt","California","2015-12-06 04:56:20","2018-02-11 04:42:41"
"2576706","1","Ludovic Feltz","France","2014-12-18 23:16:24","2018-02-11 04:42:39"
"894067","8","Charlie Fish","Denver, CO, United States","2017-08-10 23:56:09","2018-02-11 04:42:38"
"1817170","2","granmoe","Saint Paul, Minnesota","2012-11-16 23:15:57","2018-02-11 04:42:38"
"6337757","2","Alexi V.","San Francisco, CA, United States","2016-10-24 19:55:29","2018-02-11 04:42:35"
"2855173","19","halileohalilei","Ankara, Turkey","2017-04-21 18:51:02","2018-02-11 04:42:34"
"734790","1","Damon","Springfield, MO, USA","2013-10-09 20:46:41","2018-02-11 04:42:33"
"8963951","1","Danial Wafiy","Malaysia","2018-02-09 20:16:37","2018-02-11 04:42:33"
"3873244","2","dshil","Saint Petersburg, Russia","2014-08-26 09:36:14","2018-02-11 04:42:32"
"2580516","211","Warren Dew","Somerville, MA, United States","2018-02-04 17:50:14","2018-02-11 04:42:31"
"753739","17","Henri","Montréal, QC, Canada","2018-02-08 05:54:53","2018-02-11 04:42:31"
"7254469","1","josh fairbanks","Comox, BC, Canada","2017-12-23 18:33:25","2018-02-11 04:42:31"
"1245463","4","ConfusedDeer","Baltimore, MD, United States","2015-11-17 22:13:48","2018-02-11 04:42:30"
"54420","2","Josh Stodola","Nebraska","2009-11-11 22:10:23","2018-02-11 04:42:29"
"383839","3","kixorz","Dallas, TX, United States","2017-07-31 20:40:59","2018-02-11 04:42:28"
"2980132","33","Paper Towel","Internet freak","2017-06-05 02:20:58","2018-02-11 04:42:27"
"1452591","134","Sean F","Australia","2018-02-07 00:46:17","2018-02-11 04:42:26"
"5702105","128","Ian Mc","Ontario","2018-02-10 23:58:31","2018-02-11 04:42:24"
"107625","11","Uwe Keim","Göppingen, Germany","2015-09-29 16:29:42","2018-02-11 04:42:23"
"2868611","19","nlloyd","Austin, TX","2016-07-02 06:02:29","2018-02-11 04:42:23"
"470477","21","Bill Horvath","Sylvania, OH, United States","2017-11-13 03:38:52","2018-02-11 04:42:23"
"4021802","13","sazzad","Dhaka, Dhaka Division, Bangladesh","2018-02-05 15:56:19","2018-02-11 04:42:22"
"21461","1","Kyle Trauberman","Phoenix, AZ","2012-07-09 21:48:46","2018-02-11 04:42:18"
"1679187","9","Yogesh Suthar","India","2014-07-19 07:23:27","2018-02-11 04:42:17"
"23820","2","KevM","Austin, TX","2017-05-01 15:04:30","2018-02-11 04:42:16"
"24391","3","chustar","San Jose, CA","2011-12-03 07:18:27","2018-02-11 04:42:16"
"3804577","17","codePG","Sri Lanka","2017-01-08 10:54:21","2018-02-11 04:42:15"
"993554","1","Victor Ferreira","Rio de Janeiro, Brazil","2016-09-02 02:40:25","2018-02-11 04:42:13"
"26002","4","Tim Stewart","United States","2016-07-20 22:20:13","2018-02-11 04:42:13"
"5896501","8","David Seek","San Rafael, CA, United States","2016-04-19 10:51:46","2018-02-11 04:42:13"
"5489591","5","Isha Agarwal","Los Angeles, CA, United States","2017-09-24 21:19:09","2018-02-11 04:42:12"
"6521550","1","Anup Kumar Gupta","New Delhi, Delhi, India","2017-07-31 11:15:15","2018-02-11 04:42:12"
"713789","7","Adrian","Delhi, India","2013-09-02 10:59:53","2018-02-11 04:42:11"
"434551","9","R Sahu","Albuquerque, NM","2018-02-06 19:36:50","2018-02-11 04:42:10"
"1136709","1","think123","Sydney, New South Wales, Australia","2012-11-19 08:41:49","2018-02-11 04:42:10"
"3029017","7","shakhawat","Bangladesh","2018-01-21 04:14:21","2018-02-11 04:42:10"
"810077","1267","CKing","Pune, Maharashtra, India","2018-02-08 18:13:16","2018-02-11 04:42:09"
"7014451","1","dfd","Erie, PA, United States","2017-04-12 02:31:06","2018-02-11 04:42:09"
"3110834","3","Reza Aghaei","Kuala Lumpur Malaysia","2016-05-21 12:15:17","2018-02-11 04:42:05"
"7633197","1","Shrey","Kitchener, ON, Canada","2017-09-26 04:09:27","2018-02-11 04:42:02"
"901067","3","Johy","Washington, DC, United States","2014-11-21 12:36:16","2018-02-11 04:42:02"
"2219371","15","Amila Iddamalgoda","Colombo, Sri Lanka","2014-09-24 06:20:26","2018-02-11 04:42:01"
"534406","33","BoffinbraiN","United Kingdom","2017-12-21 15:20:59","2018-02-11 04:42:00"
"682485","4","Malice","Bengaluru, Karnataka, India","2018-01-14 08:48:31","2018-02-11 04:41:59"
"536","2","Judah Himango","Savage, MN","2010-03-05 02:58:39","2018-02-11 04:41:58"
"3213514","1","Rahul Khimasia","Detroit, MI","2017-04-04 17:16:48","2018-02-11 04:41:57"
"9339057","1","ArghadipDasCEO","India","2018-02-09 16:21:19","2018-02-11 04:41:57"
"1746118","1657","nullpointer","Rishikesh","2018-02-10 11:23:46","2018-02-11 04:41:57"
"7073340","9","Jayendran Rosh","Tamil Nadu, India","2018-02-01 08:46:00","2018-02-11 04:41:57"
"6559031","15","Sahil Kumar","Mohali, Punjab, India","2018-01-04 08:41:19","2018-02-11 04:41:57"
"4509724","2","Vikram Singh","Buffalo, NY, United States","2017-12-30 11:36:40","2018-02-11 04:41:56"
"5509340","1","H. Herzl","USA","2017-06-21 03:48:51","2018-02-11 04:41:55"
"1825352","63","yts","New York, United States","2017-01-05 18:17:21","2018-02-11 04:41:55"
"1441374","27","Omkar","Bangalore, Karnataka, India","2018-01-23 16:16:47","2018-02-11 04:41:55"
"4561047","9","brandaemon","Provo, UT","2016-01-27 05:54:38","2018-02-11 04:41:55"
"3730754","3","LoicTheAztec","Paris, France","2016-05-22 00:08:15","2018-02-11 04:41:51"
"8122577","1","shanem","Chico, CA, United States","2018-02-01 19:23:10","2018-02-11 04:41:51"
"8126411","1","Iqbal Pratama","Indonesia","2017-11-20 13:23:18","2018-02-11 04:41:49"
"2724898","29","Jagadesh Seeram","Hyderabad","2015-08-07 07:23:12","2018-02-11 04:41:48"
"166712","178","Anthony Forloney","Boston, MA, United States","2016-10-27 17:37:57","2018-02-11 04:41:47"
"2329061","68","Buaban","Bangkok, Thailand","2018-01-25 09:06:40","2018-02-11 04:41:45"
"113411","6","Ankur Chauhan","Seattle, WA","2017-02-06 15:24:05","2018-02-11 04:41:41"
"1718554","233","Luke Joshua Park","Auckland, New Zealand","2018-01-29 06:58:38","2018-02-11 04:41:40"
"1926013","1","NBaua","India","2017-04-25 06:45:29","2018-02-11 04:41:39"
"4065142","5","Mithilesh Kumar","New Delhi","2017-09-20 09:37:04","2018-02-11 04:41:38"
"5781745","5","K.Dᴀᴠɪs","Oklahoma, United States","2018-02-10 12:18:28","2018-02-11 04:41:37"
"1105235","2","rpeshkov","Praha, Česko","2013-01-31 06:42:21","2018-02-11 04:41:36"
"2328185","2","Jesse","Texas","2015-09-28 02:22:37","2018-02-11 04:41:33"
"8375984","10","ShaiNe Ram","India","2018-02-05 05:26:33","2018-02-11 04:41:33"
"3110474","13","Himanshu Bhandari","Ahmedabad","2016-05-06 05:32:16","2018-02-11 04:41:32"
"1489860","9","Jeff Mixon","San Francisco, CA","2015-11-29 17:28:08","2018-02-11 04:41:32"
"1909027","3","Fergus","Chicago, IL, United States","2016-12-02 23:23:38","2018-02-11 04:41:32"
"1000254","24","shizhz","Chengdu, Sichuan, China","2017-04-16 01:15:54","2018-02-11 04:41:30"
"9053914","1","user9053914","Nepal","2018-02-11 04:19:25","2018-02-11 04:41:29"
"2850651","1974","Mike M.","Indianapolis, IN","2018-02-11 04:55:00","2018-02-11 04:41:28"
"1538992","1","mcassiano","São Paulo - SP, Brasil","2017-12-04 13:12:59","2018-02-11 04:41:28"
"3233365","9","Gerard H. Pille","Sweveghem, Belgium","2018-02-06 14:50:46","2018-02-11 04:41:26"
"464581","51","Cheers and hth. - Alf","Norway","2017-09-03 03:09:10","2018-02-11 04:41:26"
"4737818","4","Pawan Singh Chauhan","Bangalore, Karnataka, India","2017-10-07 17:34:49","2018-02-11 04:41:24"
"16241","1","Vaccano","United States","2012-09-27 16:16:44","2018-02-11 04:41:24"
"5045818","1","Matt Haidet","Atlanta, GA, United States","2017-08-30 20:16:48","2018-02-11 04:41:24"
"147463","7","egrunin","New York, NY","2013-06-24 20:12:55","2018-02-11 04:41:24"
"1147141","911","efekctive","Lakewood, CO, United States","2017-12-30 20:53:49","2018-02-11 04:41:23"
"184184","20","emaillenin","Sydney, New South Wales, Australia","2017-03-20 05:21:17","2018-02-11 04:41:14"
"7612348","2","Francisco Barrientos","Ciudad Serdán, Puebla, México","2017-07-04 15:47:54","2018-02-11 04:41:12"
"1336653","18","noahnu","Toronto, ON, Canada","2017-01-25 15:55:24","2018-02-11 04:41:10"
"580724","15","Anil Natha","Fontana, CA","2015-01-01 17:10:07","2018-02-11 04:41:09"
"469223","4","ryan0","Philadelphia, PA","2013-02-06 01:44:19","2018-02-11 04:41:06"
"1097783","7","Sampath Surineni","India","2013-03-17 15:38:11","2018-02-11 04:41:05"
"1505939","10","M.M","New Zealand","2016-10-07 06:14:28","2018-02-11 04:41:05"
"2024527","34","SANAT","Ahmedabad","2018-02-06 06:24:28","2018-02-11 04:41:04"
"258556","1","Bruce","Boston, MA","2014-10-28 19:46:15","2018-02-11 04:41:04"
"3703190","3","khaleel_jageer","Tamil Nadu","2017-09-05 12:26:15","2018-02-11 04:41:04"
"4398194","20","RecursiveExceptionException","Right here","2018-01-26 16:35:52","2018-02-11 04:41:03"
"591097","1","Chad Hedgcock","Dallastown, PA","2012-05-03 13:31:41","2018-02-11 04:41:03"
"1357899","1","mayhem","Argentina","2014-03-16 23:52:07","2018-02-11 04:41:01"
"881643","1","Ash Blue","Denver, CO, United States","2013-08-30 00:00:48","2018-02-11 04:41:00"
"3682181","4","Ganesh Pandey","Kathmandu, Nepal","2015-09-09 16:34:27","2018-02-11 04:41:00"
"298054","11","jweyrich","Florianópolis, Brazil","2017-05-16 19:30:08","2018-02-11 04:40:58"
"4686625","3","miradulo","Canada","2017-08-06 00:00:39","2018-02-11 04:40:55"
"7663565","2","Rapunzel Van Winkle","Melbourne, Victoria, Australia","2017-10-09 22:18:04","2018-02-11 04:40:55"
"970346","2","Stephen Niedzielski","United States","2014-11-09 23:43:55","2018-02-11 04:40:55"
"1309304","3","antew","United States","2012-11-30 05:03:05","2018-02-11 04:40:51"
"841915","35","Parth Doshi","Ahmadabad, India","2016-04-02 03:04:04","2018-02-11 04:40:48"
"2450755","1","Andrea Mugnaini","Tokyo, Japan","2017-11-27 02:22:41","2018-02-11 04:40:47"
"4224839","1","Edward DiGirolamo","NY, United States","2017-12-07 19:58:33","2018-02-11 04:40:47"
"1056563","65","javadba","Mountain View, CA","2018-01-11 00:36:00","2018-02-11 04:40:47"
"8289839","2","AccCreate","New York, NY, United States","2017-08-08 19:15:00","2018-02-11 04:40:46"
"1389999","1","bdr9","United States","2012-05-11 21:07:28","2018-02-11 04:40:44"
"7988856","2","Hamish Kendall","New Zealand","2018-02-05 23:11:25","2018-02-11 04:40:43"
"901925","7","hpaulj","Seattle, WA","2017-02-21 03:02:15","2018-02-11 04:40:41"
"126541","11","aepryus","Tokyo, Japan","2015-01-27 17:45:25","2018-02-11 04:40:41"
"3514160","1","Saiyan Prince","Mumbai, India","2015-04-05 07:52:38","2018-02-11 04:40:41"
"2102693","11","Bill_Stewart","Albuquerque, NM, United States","2017-09-19 15:49:36","2018-02-11 04:40:39"
"145621","1","Foole","Melbourne, Victoria, Australia","2010-02-07 21:21:26","2018-02-11 04:40:36"
"3679603","1","farthVader","Bangalore","2018-02-09 18:30:10","2018-02-11 04:40:35"
"2646067","55","Kurai Bankusu","Charlotte, NC","2018-01-08 20:47:34","2018-02-11 04:40:34"
"320487","2","btl","Big Sky Country","2017-05-20 15:32:35","2018-02-11 04:40:34"
"2416526","3","Max","Hong Kong","2016-01-01 01:14:02","2018-02-11 04:40:33"
"3309790","14","songyuanyao","Beijing, China","2017-10-13 01:10:14","2018-02-11 04:40:33"
"864385","7","Shawn31313","Hinesville, GA, United States","2017-11-06 20:39:51","2018-02-11 04:40:32"
"106494","35","Chip","San Jose, CA, United States","2014-10-16 16:37:51","2018-02-11 04:40:32"
"926721","1","kytwb","Bangkok Thailand","2017-11-16 04:21:31","2018-02-11 04:40:31"
"6068535","2","Kat","Winchester, VA, United States","2017-10-27 15:08:01","2018-02-11 04:40:30"
"206394","2","Dan Bryant","Pleasanton, CA","2010-11-02 20:20:09","2018-02-11 04:40:28"
"2414957","56","Mona Jalal","Boston, MA, United States","2016-05-25 20:07:45","2018-02-11 04:40:27"
"4405757","102","user7","India","2018-02-11 04:43:12","2018-02-11 04:40:25"
"1641202","1","ramirezag","Cebu, Philippines","2014-06-28 12:29:27","2018-02-11 04:40:24"
"5797668","7","Alex Bollbach","New York, NY, United States","2017-06-14 00:54:04","2018-02-11 04:40:22"
"75170","18","John Feminella","Charlottesville, VA","2014-06-09 05:33:07","2018-02-11 04:40:20"
"2261424","710","AntonH","Canada","2018-02-08 17:37:25","2018-02-11 04:40:20"
"262125","19","LandonSchropp","Seattle, WA","2016-12-02 22:56:36","2018-02-11 04:40:19"
"1832206","13","szxnyc","New York","2016-08-05 21:41:35","2018-02-11 04:40:18"
"2457029","1","maccettura","Detroit, MI","2018-02-02 15:56:24","2018-02-11 04:40:17"
"7429447","768","DebanjanB","Pune, Maharashtra, India","2018-02-10 15:59:20","2018-02-11 04:40:16"
"178236","1","Justin Beckwith","Redmond, WA","2016-01-20 00:23:47","2018-02-11 04:40:15"
"5071324","32","Bloodlex","Warsaw","2018-02-03 00:17:49","2018-02-11 04:40:13"
"2360776","1","zaphod100.10","New Delhi, Delhi, India","2014-09-26 10:34:54","2018-02-11 04:40:10"
"9044313","1","Raja","Atlanta, GA, United States","2017-12-04 16:02:39","2018-02-11 04:40:10"
"3279","1","Ben Collins","Republic of Texas","2013-11-15 05:03:47","2018-02-11 04:40:09"
"8291949","10","wp78de","United States","2018-02-04 23:59:44","2018-02-11 04:40:08"
"1224186","8","Da-Jin C","Massachusetts","2017-08-08 17:25:56","2018-02-11 04:40:08"
"240428","1","Adam Kaplan","New York, NY","2018-01-03 04:22:51","2018-02-11 04:40:07"
"181158","2","sg88","India","2009-09-30 11:30:49","2018-02-11 04:40:06"
"8077008","4","Mohamed Syafiq","Singapore","2018-02-09 19:15:52","2018-02-11 04:40:05"
"2036867","14","Nimrod007","Israel","2017-03-22 19:07:54","2018-02-11 04:40:04"
"4104481","1","Avinash Prabhakar","West Lafayette, IN, United States","2014-12-08 00:26:13","2018-02-11 04:40:04"
"4473762","18","Robert Udah","London, United Kingdom","2018-02-02 14:43:09","2018-02-11 04:40:02"
"1202025","1432","ρяσѕρєя K","India","2017-12-06 10:01:03","2018-02-11 04:40:02"
"908879","1","ajax333221","Mexico","2012-06-29 19:03:46","2018-02-11 04:39:56"
"7666467","4","UdeshUK","Kandy, Central Province, Sri Lanka","2018-01-18 17:39:03","2018-02-11 04:39:56"
"2055998","3694","PM 77-1","Long Island, NY USA","2018-02-09 22:47:24","2018-02-11 04:39:51"
"9310997","4","J Han","Pittsburgh, PA, United States","2018-02-07 23:26:45","2018-02-11 04:39:50"
"1594337","63","G_S","India","2018-01-07 12:13:38","2018-02-11 04:39:45"
"4819357","2","AndreyS Scherbakov","Melbourne, Australia","2018-02-10 03:33:37","2018-02-11 04:39:44"
"6463118","2","Bhanu","New Delhi, Delhi, India","2016-06-14 11:17:53","2018-02-11 04:39:44"
"1112163","2","ajkumar25","Chennai, India","2014-04-21 17:54:02","2018-02-11 04:39:44"
"335993","1","matsientst","Denver, CO","2011-03-09 17:24:49","2018-02-11 04:39:42"
"579240","16","Alain Pannetier","Dubai, United Arab Emirates","2016-07-19 19:03:15","2018-02-11 04:39:42"
"1235935","5","Saptarshi Basu","India","2018-01-09 10:46:31","2018-02-11 04:39:42"
"789417","1","Aaron Hampton","Dover, DE, United States","2012-10-27 05:17:31","2018-02-11 04:39:39"
"3344829","222","Saravana","Chennai, Tamil Nadu, India","2018-02-10 09:10:37","2018-02-11 04:39:38"
"212378","12","Alexis Wilke","California","2017-09-07 16:55:21","2018-02-11 04:39:37"
"2751640","1","pulasthi7","Galle, Sri Lanka","2017-09-10 07:24:18","2018-02-11 04:39:35"
"8921755","77","Ivan","North Carolina, United States","2018-02-11 01:18:51","2018-02-11 04:39:35"
"9062626","1","Heanzy Zabala","Canada","2018-02-02 10:18:26","2018-02-11 04:39:31"
"724689","6","dpp","Philippines","2013-08-13 02:40:10","2018-02-11 04:39:31"
"5960243","8","Luis Averhoff","Miami, FL, United States","2016-04-28 14:31:22","2018-02-11 04:39:30"
"1529586","1","KevinOrr","Tampa, FL","2014-07-10 06:01:46","2018-02-11 04:39:28"
"3471509","11","sifho","Dhaka, Bangladesh","2015-10-02 20:18:37","2018-02-11 04:39:27"
"525179","127","everton","Brazil","2017-12-15 21:19:54","2018-02-11 04:39:23"
"6912791","4","Pike D.","Saint Louis, MO, United States","2017-03-12 03:15:13","2018-02-11 04:39:19"
"1887281","4","devinbost","Orem, UT, United States","2017-02-10 17:06:35","2018-02-11 04:39:18"
"1615664","21","user1615664","Tokyo, Japan","2017-08-31 14:43:40","2018-02-11 04:39:16"
"3231139","1","Ferrakkem Bhuiyan","Dhaka,Bangladesh","2014-04-15 14:22:48","2018-02-11 04:39:16"
"500584","8","agf","United States","2013-05-14 14:54:50","2018-02-11 04:39:15"
"4507239","12","Shubhangi","Bengaluru, India","2017-10-07 13:48:10","2018-02-11 04:39:10"
"1070452","7","Plutonix","25° N 32° E","2017-12-16 00:47:25","2018-02-11 04:39:09"
"1517578","14","Simon Whitehead","Melbourne, Victoria, Australia","2015-03-30 21:36:52","2018-02-11 04:39:09"
"2422776","879","Mureinik","Tel Aviv, Israel","2018-02-10 15:13:37","2018-02-11 04:39:07"
"6176802","14","N Czar","New York, NY, United States","2016-11-28 23:36:26","2018-02-11 04:39:04"
"6489829","3","Jack Gore","Waterloo, ON, Canada","2017-04-10 18:54:51","2018-02-11 04:39:02"
"284111","5","Andrew Savinykh","Auckland, New Zealand","2017-12-29 11:38:00","2018-02-11 04:39:02"
"5341750","13","Israel Meshileya","Abuja, Federal Capital Territory, Nigeria","2017-04-09 19:55:04","2018-02-11 04:38:58"
"2661303","41","lionscribe","United States","2017-09-15 05:52:17","2018-02-11 04:38:58"
"3623265","2","Nirmal_stack","Bhubaneswar, Odisha, India","2017-01-19 18:32:48","2018-02-11 04:38:56"
"3085479","6","Karthik Surianarayanan","India","2014-02-18 08:56:09","2018-02-11 04:38:56"
"806975","1","Guillermo Gutiérrez","El Salvador","2014-06-10 14:50:22","2018-02-11 04:38:55"
"2565527","9","hiropon","Tokyo","2017-11-07 10:20:01","2018-02-11 04:38:55"
"1210827","1","Shawn Xue","San Leandro, CA","2015-10-23 18:25:58","2018-02-11 04:38:52"
"1322962","4","AlexLordThorsen","Seattle, WA","2015-06-16 10:13:47","2018-02-11 04:38:50"
"259686","17","James McLeod","Toronto, Canada","2017-12-04 11:07:56","2018-02-11 04:38:49"
"5864253","3","muneeb_ahmed","S.I.T.E, Karachi, Sindh, Pakistan","2018-01-31 12:59:32","2018-02-11 04:38:46"
"762175","3","Ethan Reesor","Los Angeles, CA","2013-11-06 07:12:49","2018-02-11 04:38:45"
"1174106","3","Ashad Shanto","Bangladesh","2015-01-21 11:59:02","2018-02-11 04:38:44"
"3803102","2","nweg","Overland Park, KS","2015-03-18 02:31:15","2018-02-11 04:38:43"
"6690200","72","user6690200","中国Shanghai Shi","2018-02-10 12:02:37","2018-02-11 04:38:43"
"758991","25","djxak","Ukraine","2018-01-26 16:58:12","2018-02-11 04:38:43"
"425289","20","Andrew","Cincinnati, OH","2017-08-02 13:14:22","2018-02-11 04:38:37"
"3725086","4","Potato","Phnom penh","2014-06-10 08:30:32","2018-02-11 04:38:36"
"712995","5","Maxim","Munich, Germany","2018-01-30 19:56:48","2018-02-11 04:38:36"
"2663805","1","nadish","United States","2017-05-30 19:24:57","2018-02-11 04:38:34"
"2079828","5","user2079828","Huntsville, AL, United States","2013-12-03 09:22:27","2018-02-11 04:38:33"
"7521718","1","jason","Bangalore, Karnataka, India","2017-05-24 12:29:25","2018-02-11 04:38:29"
"6156989","2","Akshar Patel","Idar, Gujarat, India","2017-08-08 05:27:57","2018-02-11 04:38:28"
"3297613","591","Avinash Raj","Chennai, India","2018-02-02 05:20:04","2018-02-11 04:38:27"
"1144035","227","Gordon Linoff","New York, United States","2018-01-26 09:44:43","2018-02-11 04:38:27"
"216074","23","poke","Dortmund, Germany","2016-03-26 20:03:27","2018-02-11 04:38:23"
"2555419","28","Joey Pinto","Mumbai, Maharashtra, India","2017-07-29 17:45:13","2018-02-11 04:38:20"
"256272","1","Joe","Sydney, Australia","2012-09-12 00:58:03","2018-02-11 04:38:19"
"2005204","19","WDS","Southern California","2015-10-26 08:13:03","2018-02-11 04:38:19"
"2158478","8","diane","USA","2014-05-30 14:54:57","2018-02-11 04:38:18"
"1518087","3","newfurniturey","New York","2012-12-06 05:20:50","2018-02-11 04:38:18"
"1393484","347","Ali Dehghani","Tehran, Iran","2017-10-30 06:11:12","2018-02-11 04:38:18"
"607637","48","gtiwari333","Kathmandu, Nepal","2016-08-10 03:27:42","2018-02-11 04:38:16"
"2899280","1","Brad Allred","Utah","2013-10-21 21:16:20","2018-02-11 04:38:15"
"732016","205","wchargin","United States","2014-12-23 01:22:41","2018-02-11 04:38:13"
"8861898","2","jack coltrane","Ho Chi Minh City, Ho Chi Minh, Vietnam","2017-12-07 12:16:22","2018-02-11 04:38:12"
"2775615","1","shuvrow","Bangladesh","2014-11-16 06:22:13","2018-02-11 04:38:10"
"2916761","2","Chris Trudeau","Milwaukee, WI","2013-11-01 03:32:13","2018-02-11 04:38:08"
"2272004","29","greyfox","Columbus, OH","2017-04-21 20:51:50","2018-02-11 04:38:05"
"2192683","6","Raj Hassani","Boston, MA","2017-04-06 15:07:10","2018-02-11 04:38:04"
"77996","2","Sake","Thailand","2009-05-28 15:52:12","2018-02-11 04:38:04"
"3866894","1","syaku","대한민국 Seoul","2017-11-24 16:05:57","2018-02-11 04:38:04"
"5419740","4","Akhilesh Yadav","Dehradun, Uttarakhand, India","2016-07-14 16:11:06","2018-02-11 04:38:04"
"1324345","24","alroc","United States","2017-12-13 14:55:54","2018-02-11 04:38:03"
"273767","6","Cubbi","New York","2014-06-18 13:59:10","2018-02-11 04:38:02"
"1462770","34","Amir","Tehran, Iran","2016-09-22 14:47:39","2018-02-11 04:37:58"
"2756125","1","Shriram Panchal","Nanded, Maharashtra, India","2017-02-06 03:04:58","2018-02-11 04:37:58"
"2751962","1","anavaras lamurep","Chennai, India","2017-09-30 04:24:58","2018-02-11 04:37:57"
"4151080","17","Jainam Jhaveri","India","2017-12-07 11:59:59","2018-02-11 04:37:56"
"187986","55","Jason Nichols","18431","2016-04-27 18:27:21","2018-02-11 04:37:52"
"1533054","1","Sheharyar","Lahore, Pakistan","2016-04-30 07:34:31","2018-02-11 04:37:51"
"5248324","1","MakPo","Seattle, WA, United States","2016-05-30 06:10:21","2018-02-11 04:37:51"
"1035859","2","Wilbeibi","San Jose, CA","2013-04-15 10:22:31","2018-02-11 04:37:51"
"719186","3","LarsTech","Batavia, IL, United States","2016-11-01 19:47:37","2018-02-11 04:37:51"
"4236136","1","Casey Rule","Bethlehem, PA","2014-12-12 05:38:30","2018-02-11 04:37:50"
"2672763","2","user2672763","Pune, India","2015-12-12 05:29:18","2018-02-11 04:37:49"
"211601","1","Jeremy Lyman","Kansas City Metro","2015-10-13 19:57:48","2018-02-11 04:37:44"
"2615065","8","Srini","McLean, VA, United States","2016-05-03 23:41:34","2018-02-11 04:37:44"
"1498830","1","spierepf","Halifax, NS, Canada","2015-08-27 17:40:45","2018-02-11 04:37:44"
"7048462","2","Rajesh Kumar","Coimbatore, Tamil Nadu, India","2017-03-20 09:26:22","2018-02-11 04:37:43"
"3678023","17","Arin","Portland, OR, United States","2017-03-29 23:20:11","2018-02-11 04:37:43"
"2658188","3","NiceStats","Durham NC","2014-08-05 17:50:04","2018-02-11 04:37:41"
"2564200","1","Santhosh","Bangalore, India","2015-03-16 12:41:40","2018-02-11 04:37:41"
"812767","1","shr3jn","Kathmandu, Nepal","2017-04-18 15:02:30","2018-02-11 04:37:40"
"2680216","2","Josh Crozier","Charleston, SC","2017-02-15 18:37:54","2018-02-11 04:37:39"
"224132","60","Peter Cordes","Halifax, Canada","2018-02-09 09:33:32","2018-02-11 04:37:38"
"2517730","22","Yar","Seattle, WA, United States","2017-08-09 00:04:28","2018-02-11 04:37:36"
"8045153","1","FZ-07","San Jose, CA, United States","2018-02-09 02:10:47","2018-02-11 04:37:31"
"3619","4","Anthony Mastrean","Pittsburgh, PA","2016-06-13 20:24:58","2018-02-11 04:37:30"
"1012097","3","Kirti Thorat","New York, United States","2014-02-02 19:36:55","2018-02-11 04:37:29"
"2998271","57","har07","Jakarta, Indonesia","2018-02-01 11:35:24","2018-02-11 04:37:29"
"2351948","5","kiwicomb123","Canada","2017-03-28 09:36:39","2018-02-11 04:37:26"
"761668","1","Javier Mendonca","Sweden","2014-08-27 20:27:55","2018-02-11 04:37:26"
"6232665","34","zenwraight","San Jose, CA, United States","2018-01-29 19:33:48","2018-02-11 04:37:26"
"2073738","5","Suit Boy Apps","Colorado Springs, CO","2017-11-27 01:18:40","2018-02-11 04:37:25"
"2278844","7","CydrickT","Montreal, Canada","2016-03-24 23:49:21","2018-02-11 04:37:25"
"2587435","4489","Paul Samsotha","Oakland, CA, United States","2018-02-09 20:46:25","2018-02-11 04:37:24"
"180253","5","TheJediCowboy","Phoenix, AZ","2010-10-20 03:26:14","2018-02-11 04:37:23"
"4358137","12","Seth Kitchen","Missouri","2016-03-23 17:24:35","2018-02-11 04:37:17"
"378979","45","Vincent","Taipei City, Taiwan","2017-08-01 15:01:36","2018-02-11 04:37:16"
"6883162","5","San Ko Ko","Myanmar (Burma)","2017-11-14 17:48:07","2018-02-11 04:37:15"
"827704","7","Artyom Chernetsov","Moscow","2011-10-20 10:17:54","2018-02-11 04:37:14"
"3329335","2","geofrey","Toronto, ON, Canada","2015-03-21 17:55:59","2018-02-11 04:37:12"
"8513103","2","sKwa","Israel","2017-08-28 00:45:48","2018-02-11 04:37:09"
"3597276","6","Michael_B","New York City, USA","2017-08-19 14:38:49","2018-02-11 04:37:05"
"786437","1","jstine","La Honda, CA, USA","2012-12-30 07:16:56","2018-02-11 04:37:05"
"2009272","6","alex","Sibiu, Romania","2013-02-20 10:46:51","2018-02-11 04:36:59"
"1468093","43","Kamran Ahmed","Mumbai, India","2017-06-12 22:48:25","2018-02-11 04:36:58"
"866732","1","WiSaGaN","Hong Kong","2014-04-04 13:17:35","2018-02-11 04:36:57"
"3127144","24","iCoder","India","2017-11-20 09:19:18","2018-02-11 04:36:56"
"773263","1","Philip Kirkbride","Montréal, QC, Canada","2016-08-03 13:53:19","2018-02-11 04:36:53"
"396567","8","Michael Hausenblas","Galway, Ireland","2017-05-03 16:31:14","2018-02-11 04:36:49"
"6163987","2","K.Wu","Chicago, IL, United States","2017-08-18 15:52:21","2018-02-11 04:36:47"
"754161","42","Martin Tuskevicius","West Lafayette, IN, United States","2016-04-02 07:54:35","2018-02-11 04:36:45"
"1895611","2","AwokeKnowing","San Diego, CA","2015-08-04 05:24:18","2018-02-11 04:36:43"
"2995263","2","RN Kushwaha","New Delhi","2015-09-20 06:19:55","2018-02-11 04:36:39"
"4338417","27","Shrinivas Shukla","Nagpur, Maharashtra","2017-01-16 14:14:02","2018-02-11 04:36:39"
"86967","5","nobar","United States","2018-02-09 06:11:24","2018-02-11 04:36:38"
"449693","460","Tony Ennis","Louisville, KY","2017-05-09 22:17:47","2018-02-11 04:36:37"
"130387","7","Tommy","Knoxville, TN","2015-10-08 04:24:54","2018-02-11 04:36:37"
"4076806","77","Ueli Hofstetter","Zürich","2018-01-01 21:07:08","2018-02-11 04:36:37"
"2883245","42","erip","Washington, DC, United States","2017-10-04 02:45:02","2018-02-11 04:36:34"
"3857278","3","Pasindu Jayaweera","Colombo, Sri Lanka","2017-11-24 10:09:02","2018-02-11 04:36:33"
"1914609","2","codeAligned","San Francisco, CA, United States","2013-05-08 14:45:57","2018-02-11 04:36:32"
"840954","1","Randomman159","Sydney","2011-09-06 13:17:12","2018-02-11 04:36:30"
"335918","1","xiamx","Montreal, QC, Canada","2015-10-07 21:33:45","2018-02-11 04:36:30"
"244431","1","Yaocl","China","2014-08-07 01:15:08","2018-02-11 04:36:28"
"7914637","1","Alexander","Ekaterinburg, Sverdlovsk oblast, Russian Federation","2017-12-04 05:14:50","2018-02-11 04:36:24"
"929159","2","swandive","Rochester","2011-09-28 01:26:49","2018-02-11 04:36:24"
"6786950","1","chari sharma","Mumbai, Maharashtra, India","2018-01-06 18:25:32","2018-02-11 04:36:22"
"8297020","1","mohit uprim","Hyderabad, Telangana, India","2017-11-27 16:18:10","2018-02-11 04:36:21"
"5148356","2","Ryan Wang","State College, PA, United States","2016-04-16 16:00:12","2018-02-11 04:36:16"
"56449","1","adardesign","New York, NY","2013-01-04 17:45:50","2018-02-11 04:36:14"
"4044696","7","Severin Pappadeux","Dixie","2016-12-21 16:57:52","2018-02-11 04:36:14"
"6142786","1","JakeGill70","Tennessee, United States","2016-04-20 04:59:37","2018-02-11 04:36:14"
"37231","62","jdigital","California","2017-11-26 06:09:41","2018-02-11 04:36:12"
"1001643","1","Raymond Hettinger","California","2011-10-21 06:29:47","2018-02-11 04:36:06"
"2663579","145","SachinSarawgi","Thane, Maharashtra, India","2017-10-31 07:57:31","2018-02-11 04:36:06"
"612510","1","Mike Marynowski","London, ON, Canada","2012-10-22 18:03:46","2018-02-11 04:36:05"
"1165477","47","Will","South Dakota","2015-01-09 23:45:39","2018-02-11 04:36:04"
"7754692","2","Tyler Gabb","Arizona","2017-10-01 04:03:39","2018-02-11 04:36:02"
"4815718","118","Bob Snyder","Westlake Village, CA","2018-01-26 17:23:04","2018-02-11 04:36:02"
"4938111","3","Nayemuzzaman","Dhaka, Bangladesh","2016-08-29 15:12:27","2018-02-11 04:35:59"
"5448221","4","CLR45","Dallas, TX, United States","2016-01-10 21:55:49","2018-02-11 04:35:57"
"3064175","25","ik024","Bangalore, India","2017-07-16 11:25:23","2018-02-11 04:35:56"
"8955367","2","Jacob Toomey","California, United States","2017-12-11 03:48:03","2018-02-11 04:35:56"
"7527189","1","andani","Bangalore, Karnataka, India","2017-11-16 09:05:10","2018-02-11 04:35:52"
"5227589","9","M M","Nepal","2017-10-23 19:44:30","2018-02-11 04:35:52"
"7093663","9","Bahadar Ali","Islamabad, Islamabad Capital Territory, Pakistan","2017-05-30 09:23:53","2018-02-11 04:35:51"
"4120631","7","Joby Wilson Mathews","Trivandrum, Kerala, India","2018-01-10 10:49:23","2018-02-11 04:35:51"
"745969","19","Tim","North Long Beach, CA","2018-02-09 07:45:59","2018-02-11 04:35:51"
"310662","1","holms","Lithuania","2017-07-10 20:38:05","2018-02-11 04:35:50"
"9083336","7","Panos","Thessaloniki, Greece","2018-01-18 08:56:22","2018-02-11 04:35:49"
"1493269","8","Taig","Berlin, Deutschland","2015-08-25 19:04:40","2018-02-11 04:35:47"
"1225551","172","Raf","Toronto, ON, Canada","2018-01-04 06:05:35","2018-02-11 04:35:46"
"269238","3","yayitswei","San Ramon, CA","2013-10-01 06:29:24","2018-02-11 04:35:46"
"4307874","1","Felipe Cesar Assis","Germany","2017-11-10 02:22:50","2018-02-11 04:35:44"
"8753957","1","Santosh Raviteja","Kansas City, MO, United States","2018-01-29 18:27:09","2018-02-11 04:35:43"
"2204926","276","Idos","San Francisco Bay Area, CA, United States","2018-02-07 21:26:47","2018-02-11 04:35:43"
"3135044","9","Darknote","Romania","2013-12-25 19:24:44","2018-02-11 04:35:43"
"2128444","4","gkalikapersaud","Fort Lauderdale, FL, United States","2014-06-25 04:46:15","2018-02-11 04:35:40"
"5634351","2","Kirill Stoianov","Kyiv, Ukraine","2016-07-21 17:01:26","2018-02-11 04:35:39"
"1882","1","Chris Patterson","San Francisco Bay Area, CA, United States","2015-09-03 16:37:09","2018-02-11 04:35:38"
"2707254","28","Jamsheer","Kochi, India","2018-02-08 11:35:37","2018-02-11 04:35:37"
"420015","61","adneal","Fayetteville, AR, United States","2017-07-20 22:11:46","2018-02-11 04:35:36"
"4471380","5","Alon Kodner","Auckland, New Zealand","2017-06-29 23:26:48","2018-02-11 04:35:33"
"188096","97","Gaurav Mantri","Udaipur, India","2018-01-10 11:05:02","2018-02-11 04:35:25"
"1083957","220","azizbekian","Yerevan, Armenia","2018-02-07 07:24:55","2018-02-11 04:35:22"
"2904614","3","Quaxton Hale","Moscow","2016-06-19 18:33:05","2018-02-11 04:35:17"
"541136","5","Aaron Hall","NYC, NY, United States","2017-08-23 02:01:30","2018-02-11 04:35:17"
"904907","2","Ryan Amaral","London, United Kingdom","2017-04-10 14:31:39","2018-02-11 04:35:17"
"1082681","473","kriegaex","Germany","2018-02-09 14:02:49","2018-02-11 04:35:16"
"370904","4","Shamal Karunarathne","Kuala Lumpur, Malaysia","2018-01-28 15:27:21","2018-02-11 04:35:16"
"320615","2","Dogbert","Dehradun, Uttarakhand, India","2012-12-22 19:02:29","2018-02-11 04:35:15"
"371739","18","Owen","New Jersey","2016-06-13 18:36:27","2018-02-11 04:35:15"
"5223160","7","jzeferino","Portugal","2016-06-30 10:57:27","2018-02-11 04:35:14"
"817643","30","StoryTeller","Israel","2018-01-09 07:59:57","2018-02-11 04:35:11"
"3253896","76","Шах","North Caucasus, Russia","2018-02-06 13:09:00","2018-02-11 04:35:08"
"2880747","11","WilomGfx","Montreal, Canada","2017-12-16 12:52:38","2018-02-11 04:35:08"
"2773837","2","Hatchet","Cyberspace","2016-01-19 22:46:26","2018-02-11 04:35:08"
"1845869","30","James A Mohler","Fullerton, CA","2017-08-21 21:58:03","2018-02-11 04:35:06"
"982639","5","Alexandru","Toronto, Canada","2017-06-01 11:40:21","2018-02-11 04:35:05"
"2555918","8","Rishi","Denver, CO, United States","2017-02-10 18:16:38","2018-02-11 04:35:02"
"1808935","9","KingJames","Seattle, WA, United States","2013-02-23 09:01:17","2018-02-11 04:35:01"
"6524169","3","ADITYA","West Bengal, India","2017-05-08 06:36:17","2018-02-11 04:34:58"
"1942007","10","Garren","Seattle Area","2017-11-06 16:30:59","2018-02-11 04:34:57"
"4569307","15","BaseZen","Arlington, MA","2015-08-06 05:16:55","2018-02-11 04:34:57"
"2318852","2","Bhavik Patel","Ahmedabad","2016-05-17 05:04:44","2018-02-11 04:34:56"
"1306419","201","Shobhit Puri","Greater Vancouver, BC, Canada","2018-02-05 07:37:55","2018-02-11 04:34:53"
"963499","7","WantIt","Quezon City, Philippines","2017-12-12 01:31:29","2018-02-11 04:34:53"
"3551483","3","Fang","Germany","2017-11-11 04:44:41","2018-02-11 04:34:52"
"4591582","10","visingh","Bengaluru, India","2016-08-14 07:10:23","2018-02-11 04:34:51"
"3735541","1","Juan Pablo","China, Shanghai","2017-10-06 04:58:02","2018-02-11 04:34:50"
"4568449","3","Harley","Chennai","2016-08-14 08:45:28","2018-02-11 04:34:48"
"1786580","5","chris84948","Minneapolis, MN","2013-07-21 01:21:32","2018-02-11 04:34:48"
"1375964","2","osowskit","San Francisco, CA, United States","2017-10-04 15:39:36","2018-02-11 04:34:46"
"4462906","15","Roon13","Pune, Maharashtra, India","2016-10-25 05:26:32","2018-02-11 04:34:45"
"19302","1","nlaq","Anacortes, WA","2009-01-05 17:15:24","2018-02-11 04:34:43"
"3814557","2","calpang","Brisbane","2017-03-13 23:30:35","2018-02-11 04:34:42"
"27426","1","Hans Nowak","Florida","2010-12-13 15:40:53","2018-02-11 04:34:41"
"2898658","1","Israel Fernández","Buenos Aires, Autonomous City of Buenos Aires, Argentina","2016-12-15 11:40:54","2018-02-11 04:34:40"
"6348498","245","GurV","Everywhere","2018-02-05 15:32:34","2018-02-11 04:34:37"
"7552313","1","Jumana Alhaddad","Erie, PA, United States","2017-04-23 04:44:41","2018-02-11 04:34:34"
"1528604","2","hsuk","Nepal","2014-09-18 19:35:39","2018-02-11 04:34:33"
"858463","1","Mike Roberts","Boston, MA, United States","2016-03-24 14:25:23","2018-02-11 04:34:33"
"2625032","22","hello_world","Bangalore, India","2018-01-28 22:33:17","2018-02-11 04:34:31"
"7450125","2","B. Desai","India","2017-09-06 07:14:20","2018-02-11 04:34:30"
"1764881","6","Boyang","Singapore","2016-01-14 12:12:04","2018-02-11 04:34:26"
"3302424","11","Hari Krishna","Bangalore, Karnataka, India","2018-02-01 07:34:27","2018-02-11 04:34:26"
"7632655","4","Kezanub","Glasgow, United Kingdom","2018-02-10 18:26:34","2018-02-11 04:34:25"
"1266600","24","sushain97","Chicago, IL, United States","2014-08-10 01:02:12","2018-02-11 04:34:24"
"1251112","6","PSchuette","Chicago, IL, United States","2015-07-18 02:22:44","2018-02-11 04:34:24"
"1363876","1","Anthony Gawon Lee","Fort Worth, TX, United States","2015-04-17 23:43:01","2018-02-11 04:34:21"
"6137682","8","David Owens","San Diego, CA, United States","2016-12-31 16:35:49","2018-02-11 04:34:20"
"2381269","6","kartik","India","2015-04-25 03:51:21","2018-02-11 04:34:19"
"893898","7","Hantsy","Guangzhou, China","2018-01-17 11:25:31","2018-02-11 04:34:19"
"1149528","58","xav","Milky Way","2017-11-24 15:27:39","2018-02-11 04:34:17"
"7848070","2","Timmehlkk","111 Applehouse Lane, Missoula, MT, United States","2017-04-27 17:13:32","2018-02-11 04:34:16"
"3033441","2","Lakshay Garg","India","2015-06-26 20:28:01","2018-02-11 04:34:15"
"3245057","6","pepo","Bratislava, Slovakia","2017-11-06 10:17:09","2018-02-11 04:34:15"
"91","8","Michael Stum","Raleigh, NC, United States","2012-05-04 01:31:29","2018-02-11 04:34:12"
"3077179","8","noleavename","Malaysia","2015-11-05 04:57:49","2018-02-11 04:34:12"
"3288863","2","Sanjeev Singh","Noida, India","2015-04-28 08:55:35","2018-02-11 04:34:12"
"104783","1","sclarson","United States","2011-10-25 17:37:47","2018-02-11 04:34:09"
"2318135","1","Fathan","Java","2014-03-19 09:42:55","2018-02-11 04:34:09"
"4555367","16","Prasad","Hyderabad, India","2017-04-09 14:39:08","2018-02-11 04:34:08"
"4099593","45","Bhargav Rao","Bengaluru, Karnataka, India","2018-01-01 05:37:48","2018-02-11 04:34:07"
"1012936","4","milleniumbug","Poland","2014-02-07 18:10:09","2018-02-11 04:34:02"
"6534611","4","kratostoical","India","2017-12-29 05:42:21","2018-02-11 04:34:01"
"431287","3","rhino","Poland","2016-04-04 16:00:32","2018-02-11 04:34:01"
"613453","1","themihai","On Air","2016-05-13 16:37:43","2018-02-11 04:34:00"
"7079025","1","Shiladitya","Bangalore, Karnataka, India","2017-07-09 09:23:44","2018-02-11 04:33:56"
"696130","18","Vinay","San Francisco Bay Area","2011-08-10 21:52:19","2018-02-11 04:33:55"
"741015","69","sudmong","Pune, India","2016-01-20 11:54:08","2018-02-11 04:33:52"
"4329778","7","Stephen Lightcap","The Grid","2017-12-06 22:45:01","2018-02-11 04:33:51"
"5178207","3","Arturo Menchaca","Havana, Cuba","2016-06-20 17:48:08","2018-02-11 04:33:50"
"2251058","9","Akshay Hazari","Bangalore, Karnataka, India","2015-12-07 04:33:38","2018-02-11 04:33:50"
"1884363","12","sudo","Berkeley, CA","2015-05-09 20:06:56","2018-02-11 04:33:50"
"3528438","1","user3528438","Somewhere, USA","2017-01-12 11:21:50","2018-02-11 04:33:49"
"6682076","1","Sahil Desai","Ahmedabad, Gujarat, India","2017-11-27 04:10:50","2018-02-11 04:33:49"
"363339","14","malhobayyeb","Buraydah, Qassim, Saudi Arabia","2017-10-25 07:35:33","2018-02-11 04:33:47"
"1379730","7","Jason","College Park, Maryland","2017-03-25 15:52:13","2018-02-11 04:33:46"
"5056575","1","Avijit Dasgupta","Hyderabad, Telangana, India","2016-03-27 13:10:29","2018-02-11 04:33:44"
"7278264","1","Marshal Hayes","United States","2018-01-31 21:30:34","2018-02-11 04:33:43"
"7836833","3","Deepak Chethan","Bangalore","2017-06-14 05:26:26","2018-02-11 04:33:40"
"375399","13","Nick","United States","2017-08-18 13:31:36","2018-02-11 04:33:39"
"1797347","17","Kareem","Cairo, Egypt","2014-08-25 13:56:30","2018-02-11 04:33:38"
"7436673","5","Prashant Chamoli","New Delhi, Delhi, India","2018-02-06 08:02:53","2018-02-11 04:33:38"